Date,Adj Close,Volume,Open,High,Low
6/5/2024,71053.7,N/A,70838.6,71237.8,70910.1
6/4/2024,70873.9,N/A,69136.7,71224.5,70433.2
6/3/2024,69154.6,N/A,68408.1,69361.6,68707.9
6/2/2024,68441.3,N/A,67712.6,68778.1,67616.8
6/1/2024,67796.6,N/A,67715,67893.3,67641.1
5/31/2024,67715.5,N/A,68535.6,67746.5,67449.6
5/30/2024,68611.5,N/A,68093.5,68705.8,68292.7
5/29/2024,68144.4,N/A,68670.2,68183,67462.6
5/28/2024,67796,N/A,68392.8,69560.7,67496.1
5/27/2024,67914.3,N/A,68872.3,69560.7,67795.6
5/26/2024,68839.7,N/A,69073.2,69283.6,68480.4
5/25/2024,69124.7,N/A,68754.3,69310.6,68849.1
5/24/2024,68759.5,N/A,67876.9,68889.9,68516.1
5/23/2024,67910.7,N/A,69436.6,68002,67635.1
5/22/2024,69337,N/A,69952.2,69594.4,69166.3
5/21/2024,69917.4,N/A,71272.9,70343.9,69829.5
5/20/2024,71369.6,N/A,66676,71872,70754.4
5/19/2024,66680.9,N/A,67169.1,66755.5,66076.5
5/18/2024,67151.9,N/A,66951.7,67284.6,66843.6
5/17/2024,66930.2,N/A,65595.8,67048.7,66752.3
5/16/2024,65646.9,N/A,65984.6,65834.2,65121.7
5/15/2024,66032.2,N/A,61945.6,66643.9,65817
5/14/2024,61915.9,N/A,62479.7,62018,61357.5
5/13/2024,62403.7,N/A,61172.3,63102.6,62386.1
5/12/2024,61071.9,N/A,60929.7,61790,60779
5/11/2024,60905.6,N/A,60723.8,61101.1,60806.6
5/10/2024,60745.9,N/A,62916.1,61076.9,60673.4
5/9/2024,62864.3,N/A,61678.5,63090.7,62669.2
5/8/2024,61717.8,N/A,62895.6,61773.6,61152
5/7/2024,62945.3,N/A,63239.5,62950,62166.2
5/6/2024,63238.4,N/A,63875.3,63955.5,62918.3
5/5/2024,63816.5,N/A,63238,64459.5,63722
5/4/2024,63203.2,N/A,62710.5,64143.8,62923.9
5/3/2024,62703.2,N/A,59727.3,63515.4,62599.1
5/2/2024,57921.5,N/A,57131.4,58560.2,56989.8
5/1/2024,57526.5,N/A,60241.3,58560.2,56989.8
4/30/2024,60222.8,N/A,63646.4,60827.5,59590.2
4/29/2024,63650.4,N/A,62249.1,64700.2,63142.8
4/28/2024,62655,N/A,64016.8,63331.8,62469.7
4/27/2024,64057.3,N/A,63081.4,64346.1,63457.9
4/26/2024,63127.6,N/A,64370.4,63916.7,62507.7
4/25/2024,64366.3,N/A,64281,64635,63927.7
4/24/2024,64341.2,N/A,66597.6,64728.3,63901.7
4/23/2024,66615.3,N/A,66450,66882.6,66396.6
4/22/2024,66515.8,N/A,65711.6,67180,66499.9
4/21/2024,66003.1,N/A,65190.7,66018.1,64527.5
4/20/2024,64674.8,N/A,64377,65375.6,63131.7
4/19/2024,63899.8,N/A,61787.5,64139.3,63131.7
4/18/2024,61830.2,N/A,61657,63480.5,59693.3
4/17/2024,61995.9,N/A,63844.6,62171.5,60970.8
4/16/2024,63778.5,N/A,63401.8,64289.5,63608.5
4/15/2024,62919.1,N/A,65158.6,63890,62802.5
4/14/2024,65253.9,N/A,63085.6,65875.2,64983.4
4/13/2024,63152.3,N/A,66528.9,64307.9,62174.7
4/12/2024,66980.3,N/A,70985,67133,65784.7
4/11/2024,70856.7,N/A,70851.6,70972.9,70005.4
4/10/2024,69202.6,N/A,69231.1,69574.9,67570
4/9/2024,68721.1,N/A,71723.5,71737.2,68615
4/8/2024,71262.2,N/A,69451.6,71737.2,70902.3
4/7/2024,69393,N/A,69419.5,69788.6,69110.5
4/6/2024,69409.1,N/A,67797.7,69739.7,68849.4
4/5/2024,67740.6,N/A,67872.1,68053.3,67467.2
4/4/2024,67649.3,N/A,65749,68692.2,67472.8
4/3/2024,65674,N/A,66227.2,66349,65541
4/2/2024,66135.4,N/A,66712.8,66135.4,64559
4/1/2024,69828.9,N/A,71332,71329.3,68175.9
3/31/2024,70615.8,N/A,69918.6,71329.3,70543.6
3/30/2024,69926.6,N/A,69781,70143.2,69576.6
3/29/2024,69820,N/A,70446.8,70158.9,69736.1
3/28/2024,70447.1,N/A,69302.4,70907,70315.6
3/27/2024,69240.4,N/A,70382.1,69913.7,68956.9
3/26/2024,70443.3,N/A,70438.6,70714.1,69839.3
3/25/2024,70508.4,N/A,67322.5,70603.1,69754.8
3/24/2024,66979.5,N/A,63980.1,67288.3,66395
3/23/2024,64118.4,N/A,63570.4,64684,63938.1
3/22/2024,63389,N/A,65968.6,64324.3,63074.9
3/21/2024,65947.2,N/A,66746.4,66133.9,65151.8
3/20/2024,66467.4,N/A,61826.5,68161.7,66463.6
3/19/2024,62394,N/A,65860.5,63397.2,61859.5
3/15/2024,68361.4,N/A,73589.3,72398.1,67105.8
3/14/2024,68937.1,N/A,73257.1,72398.1,67110.1
3/13/2024,73237.7,N/A,72034.3,73285.3,72530.5
3/12/2024,72074.4,N/A,71606.2,72193.5,71338.4
3/11/2024,71670.1,N/A,68600.2,72467.1,71519.9
3/10/2024,68506.2,N/A,69169.7,68966.1,67452.8
3/9/2024,69484.5,N/A,68298.6,69676.4,68250.3
3/8/2024,68289.5,N/A,67152.1,68343.7,67923.9
3/7/2024,67072.9,N/A,65862.1,67270.9,66787.8
8/10/2023,29476.1,N/A,29610.8,29489.8,29443.4
8/9/2023,29579.8,N/A,29713.4,29653.6,29562.4
8/8/2023,29706.4,N/A,29189.1,29882,29666
8/7/2023,29199.3,N/A,29154.2,29253.3,29137.7
8/6/2023,29152.3,N/A,29058.7,29215.2,29011.8
8/5/2023,29056.4,N/A,29082.7,29074.8,29032.3
8/4/2023,29085.5,N/A,29155.9,29139.3,29061.5
8/3/2023,29142.2,N/A,29174.8,29241.8,29109.1
8/2/2023,29155.2,N/A,29627.2,29266.1,29127.1
8/1/2023,29671.7,N/A,28835.3,30025.9,29660.5
7/31/2023,28847.9,N/A,29418.7,29343.1,28834.5
7/30/2023,29437.3,N/A,29316.3,29502.3,29264.9
7/29/2023,29382.4,N/A,29258.9,29400.1,29299
7/28/2023,29371.9,N/A,29252.4,29394.2,29299
7/27/2023,29215.2,N/A,29405.9,29294.4,29188.6
7/26/2023,29436.8,N/A,29243.8,29450.3,29307.9
7/25/2023,29250.5,N/A,29107.9,29394.4,29109.7
7/24/2023,29116.7,N/A,29717.3,29184.1,29058.7
7/23/2023,29699,N/A,29847.4,30098.2,29678.2
7/22/2023,29854.3,N/A,29908.6,29893.7,29735.7
7/21/2023,29926,N/A,29898.5,29986.8,29901.6
7/20/2023,29910.6,N/A,29950,29945.5,29741.7
7/19/2023,29943.2,N/A,30059.5,30044.8,29895.8
7/18/2023,30070.6,N/A,30077.7,30077.8,29842.3
7/17/2023,30087.2,N/A,30314.2,30242.4,30084.6
7/16/2023,30306.6,N/A,30192,30335.9,30197.2
7/15/2023,30225.8,N/A,30297.1,30333.9,30075.4
7/14/2023,30323.5,N/A,31462.5,30395.4,30246.9
7/13/2023,31425.4,N/A,30298.2,31602.6,31343.2
7/12/2023,30285.9,N/A,30591.4,30434.4,30279.7
7/11/2023,30595.4,N/A,30482.5,30654.3,30500.2
7/10/2023,30466.5,N/A,30158,30598.5,30367.8
7/9/2023,30179.2,N/A,30289.6,30242.4,29969.1
7/8/2023,30312.4,N/A,30277.1,30404.7,30252.1
7/7/2023,30281,N/A,30138.6,30379.9,30262.4
7/6/2023,30114,N/A,30499.9,30161,29757.4
7/5/2023,30502.8,N/A,30834,30559,30353.6
7/4/2023,30849.8,N/A,31262.2,30861.7,30756.3
7/3/2023,31241.8,N/A,30756.8,31326.5,31101.8
7/2/2023,30779.8,N/A,30544.1,30790.4,30594.4
7/1/2023,30505,N/A,30424.4,30650.1,30481.5
6/30/2023,30393.8,N/A,30664,30530.6,30377.6
6/29/2023,30722.2,N/A,30175.2,30858.1,30354.6
6/28/2023,30151.9,N/A,30453.5,30243.8,30051.3
6/27/2023,30460.8,N/A,30371.6,30703.4,30362.5
6/26/2023,30370.1,N/A,30299.5,30485.7,30231.3
6/25/2023,30285.5,N/A,30752.1,30543.1,30012.8
6/24/2023,30768,N/A,30749.2,30768,30474.1
6/23/2023,30742.5,N/A,30010.7,30793.8,30434.3
6/22/2023,30013.6,N/A,30296.3,30046.6,29822.6
6/21/2023,30299.3,N/A,28710.4,30497.8,29899
6/20/2023,28724.6,N/A,26893.1,28985.5,28270.5
6/19/2023,26915.9,N/A,26391.3,27152.7,26798.7
6/18/2023,26411.3,N/A,26546.1,26465.9,26295.1
6/17/2023,26539.8,N/A,26258.4,26543,26410.5
6/16/2023,26262.8,N/A,25559.3,26362.7,26183.5
6/15/2023,25564.2,N/A,25061.9,25591.9,25451.4
6/14/2023,25083.1,N/A,25987,25205.7,25040.9
6/13/2023,25982.2,N/A,26058.4,26051.2,25914.1
6/12/2023,26083.8,N/A,25795,26138.6,25824
6/11/2023,25796.6,N/A,25730.4,26006,25635
6/10/2023,25742.6,N/A,26329.8,25862.3,25728.2
6/9/2023,26336.1,N/A,26490.7,26525.1,26298.9
6/8/2023,26495.3,N/A,26341.5,26592,26326.7
6/7/2023,26298.4,N/A,26909.2,26470.6,26231.3
6/6/2023,26892.5,N/A,25733,27342,26730.6
6/5/2023,25729.8,N/A,26845.4,25791,25611.1
6/4/2023,26859.9,N/A,27062.3,27125.5,26817.4
6/3/2023,27062.6,N/A,27146.2,27096.7,26956.1
6/2/2023,27141.6,N/A,27007.5,27246,27114
6/1/2023,26943.2,N/A,26781.7,26980,26541.3
5/31/2023,26777.9,N/A,27658.3,27340.9,26662.3
5/30/2023,27689.8,N/A,27835.5,27825,27606.6
5/29/2023,27830.7,N/A,27972.8,27925.7,27605.5
5/28/2023,28060.6,N/A,27188.4,28431.2,28057.8
5/27/2023,27161.9,N/A,26754.6,27172.4,26788.5
5/26/2023,26765.4,N/A,26436.6,26775.2,26639
5/25/2023,26438,N/A,26186.9,26534.7,26384.4
5/24/2023,26192.6,N/A,26785.5,26381.8,25892.5
5/23/2023,26759.1,N/A,27371.1,27220.7,26686.4
5/22/2023,27381.4,N/A,26645.8,27414.3,26804.1
5/21/2023,26650.7,N/A,27178.1,26780.7,26546.1
5/20/2023,27193,N/A,26867.7,27257.1,27066.5
5/19/2023,26867.4,N/A,26802.9,26899.3,26831.3
5/18/2023,26839.2,N/A,27352.9,26914.8,26751.2
5/17/2023,27358.6,N/A,27073.2,27467,27296.5
5/16/2023,27102.3,N/A,27083,27215.1,26984.1
5/15/2023,27115.5,N/A,27168.1,27295.3,26881.9
5/14/2023,27232.4,N/A,26868,27284.3,26752.1
5/13/2023,26845.8,N/A,26783.5,26850.6,26609.9
5/12/2023,26823.7,N/A,26636.6,26974,26695.6
5/11/2023,26615,N/A,27445,27044,26559.2
5/10/2023,27451.8,N/A,27691,27607.4,27402.7
5/9/2023,27692.2,N/A,27639.5,27808.4,27627.2
5/8/2023,27592.7,N/A,28203.9,27745.6,27552.9
5/7/2023,28184,N/A,28806.3,28627.8,28056.2
5/6/2023,28811.3,N/A,29357.3,29122,28754.8
5/5/2023,29357.6,N/A,29197.3,29816.4,29353.1
5/4/2023,29179.9,N/A,29100.2,29490.5,28825.3
5/3/2023,29027.6,N/A,28525.8,29187,28956
5/2/2023,28536.4,N/A,28040.2,28682.7,28370.3
5/1/2023,28020.7,N/A,28563.2,28142.7,27928.2
4/30/2023,28560.9,N/A,29179.8,29329.6,28432.6
4/29/2023,29193.7,N/A,29367.6,29235.1,29095
4/28/2023,29367.8,N/A,29420.1,29400.8,29217.4
4/27/2023,29405,N/A,28875,29587.1,29334.2
4/26/2023,29030,N/A,28311.6,29414,28392.4
4/25/2023,28336.5,N/A,27390.1,28460.3,28258.5
4/24/2023,27344.5,N/A,27734.5,27576.2,27332.7
4/23/2023,27746.2,N/A,27601.1,27978.8,27434
4/22/2023,27556.2,N/A,27234.7,27815,27492.1
4/21/2023,27334,N/A,28245.8,27336.9,27165.7
4/20/2023,28304.8,N/A,28848.1,28353.4,28109.2
4/19/2023,28846.4,N/A,30212.8,28992.9,28606
4/18/2023,30207.2,N/A,29450.7,30408.4,30153.3
4/17/2023,29477.7,N/A,29984.1,29490,29149.2
4/16/2023,29983.4,N/A,30254.2,30312.2,29786.1
4/15/2023,30260.9,N/A,30379.1,30322.9,30134.6
4/14/2023,30390,N/A,30695.1,30586.5,30302.3
4/13/2023,30706.5,N/A,30079.6,30836.8,30327.6
4/12/2023,30068.5,N/A,29931.1,30153.7,29864.5
4/11/2023,29921.3,N/A,30112.9,30327.6,29851.1
4/10/2023,30081.8,N/A,28280.7,30375.1,29597.8
4/9/2023,28285.6,N/A,28034.8,28422.1,28264.7
4/8/2023,28044.8,N/A,28027.6,28086.2,27932.6
4/7/2023,28013.4,N/A,28042.7,28048.9,27863.8
4/6/2023,28044.7,N/A,28136.1,28102.5,27936.5
4/5/2023,28074,N/A,28547.3,28173.5,27903
4/4/2023,28525.8,N/A,27860.6,28744.4,28100.8
4/3/2023,27878.4,N/A,27756.5,27945.8,27668.9
4/2/2023,27762.7,N/A,28476.1,28194.7,27608.9
4/1/2023,28466.3,N/A,28473.7,28795.1,28285.6
3/31/2023,28562,N/A,28172.9,28795.1,28415.7
3/30/2023,28169.1,N/A,28477,28353.3,27927.5
3/29/2023,28541.6,N/A,27369,29160.4,28181.2
3/28/2023,27351.2,N/A,26975,27456.7,27249.8
3/27/2023,26976.7,N/A,27900.5,27170.1,26847.8
3/26/2023,27914.5,N/A,27529.7,28023.3,27795.3
3/25/2023,27515.1,N/A,27612.8,27638,27429.1
3/24/2023,27575,N/A,28195.1,27665.1,27432.2
3/23/2023,28229.5,N/A,27343.1,28374.5,28152.6
3/22/2023,27367.1,N/A,28167.3,27431.5,27144.6
3/21/2023,28174.3,N/A,27788,28246.4,27960.7
3/20/2023,27762.7,N/A,27269.6,27930.6,27679.9
3/19/2023,27191.3,N/A,27110,28050.6,27170.5
3/18/2023,27172.8,N/A,27297,27185.8,26914
3/17/2023,27332.1,N/A,25602.5,27659.1,27132.6
3/16/2023,25681.5,N/A,24370.8,25884.1,24900.1
3/15/2023,24249,N/A,24838.3,24432,24147.9
3/14/2023,24727.5,N/A,24281.1,25040.3,24331.5
3/13/2023,24361.2,N/A,22193.1,24453.5,23994.6
3/12/2023,22234.7,N/A,20384,22542.5,21904.3
3/11/2023,20391.8,N/A,20347.7,20507.2,20325.3
3/10/2023,20345.9,N/A,19879.5,20669.5,20142.8
3/9/2023,19904.6,N/A,21738.1,20362,19813.7
3/8/2023,21737.3,N/A,22144.6,21802.3,21682.8
3/7/2023,22128.8,N/A,22478,22274.3,22092.8
3/6/2023,22464.8,N/A,22343.3,22535.1,22384
3/5/2023,22344.1,N/A,22449.4,22494.8,22320.2
3/4/2023,22439.3,N/A,22340.6,22636.7,22213.5
3/3/2023,22328.5,N/A,22378.5,22390.3,22326.3
3/2/2023,22352.6,N/A,23538.6,23473.4,22051.9
3/1/2023,23515.4,N/A,23797.2,23780.5,23435.5
2/28/2023,23801.1,N/A,23414.8,23801.1,23025.3
2/27/2023,23408.4,N/A,23491.5,23543.6,23360.2
2/26/2023,23474.6,N/A,23187.7,23634.3,23440.9
2/25/2023,23172,N/A,23124.5,23249.6,23066
2/24/2023,23107.5,N/A,23948.2,23215.3,23051
2/23/2023,23980,N/A,24518.1,24123.4,23893.8
2/22/2023,24455.8,N/A,24153.4,24590.4,24127.6
2/21/2023,24137.2,N/A,24902.1,24474.3,23894.7
2/20/2023,24877.8,N/A,24478.3,25081.2,24785.1
2/19/2023,24461.5,N/A,24714.4,24534.8,23868.6
2/18/2023,24690.9,N/A,24628.5,24765.3,24623.6
2/17/2023,24635.8,N/A,23806.8,24772.4,24531.4
2/16/2023,23765.6,N/A,24643.9,23883.3,23373
2/15/2023,22112,N/A,21696.7,22198.5,22050.8
2/14/2023,22111.1,N/A,21706.7,22198.5,22050.8
2/13/2023,21716,N/A,21834.9,21808.1,21681.3
2/12/2023,21831.9,N/A,21781.3,21856.7,21656.9
2/11/2023,21767.7,N/A,21688,21879.4,21764.5
2/10/2023,21682.7,N/A,21795.5,21714.6,21605.3
2/9/2023,21801.7,N/A,22566.2,21933.6,21722.6
2/8/2023,22574.3,N/A,23248.5,23003.6,22425.6
2/7/2023,23246.1,N/A,22881.9,23425.1,23233
2/6/2023,22872.6,N/A,22872.7,22922,22748.2
2/5/2023,23385.6,N/A,23343.1,23423.4,23253.9
2/4/2023,23360.1,N/A,23337.1,23370,23253.9
2/3/2023,23334.3,N/A,23513.8,23461.2,23317.5
2/2/2023,23525.8,N/A,23881.7,23581.9,23418
2/1/2023,23905.7,N/A,23136.1,24207.2,23694.4
1/31/2023,23128.5,N/A,22859.2,23171.7,23031.9
1/30/2023,22842.7,N/A,23715.6,22900.6,22724.9
1/29/2023,23338.2,N/A,22977.3,23533.5,22973.3
1/28/2023,23127.8,N/A,23093.1,23456.4,22973.3
1/27/2023,23096.9,N/A,22774.4,23182.3,23048
1/26/2023,22819.3,N/A,23124.4,23072.1,22602.9
1/25/2023,23174.5,N/A,22646.9,23259.5,23055.2
1/24/2023,22652.7,N/A,23073.6,22714.2,22366.3
1/23/2023,23087.1,N/A,22669.9,23139.2,22878.9
1/22/2023,22744,N/A,22756.9,22802,22663.8
1/21/2023,22840.4,N/A,22596.9,22959.7,22634.3
1/20/2023,22614.6,N/A,20992.6,22724.8,22461.1
1/19/2023,21053,N/A,20809.3,21181,21018.6
1/18/2023,20813.9,N/A,21273.2,20858,20669.7
1/17/2023,21286.3,N/A,21157.2,21371.2,21136.4
1/16/2023,21157.3,N/A,21151.8,21289.6,20926.2
1/15/2023,21147.6,N/A,20698.8,21414.7,20802.1
1/14/2023,20686.5,N/A,20894,20996,20590.4
1/13/2023,20913.7,N/A,18833.1,21185.6,19898.6
1/12/2023,18853.9,N/A,18217.3,18882.8,18723.8
1/11/2023,18220.2,N/A,17414,18298.8,17915.5
1/10/2023,17410.7,N/A,17218,17499.1,17371.1
1/9/2023,17216.1,N/A,17226.3,17232.6,17151.7
1/8/2023,17234.3,N/A,16935.2,17244.2,17107.1
1/7/2023,16936.1,N/A,16937.9,16953.7,16913.8
1/6/2023,16942.6,N/A,16822.1,16979.6,16932.3
1/5/2023,16818.3,N/A,16837.1,16871.2,16804.9
1/4/2023,16836.8,N/A,16861.3,16875.1,16813.6
1/3/2023,16875,N/A,16684.9,16890.9,16656.5
1/2/2023,16685.2,N/A,16634.2,16704.7,16652.1
1/1/2023,16638.3,N/A,16517.6,16699.7,16551
12/31/2022,16520.3,N/A,16550.1,16557.2,16510.8
12/30/2022,16544.8,N/A,16611.4,16613.6,16543.1
12/29/2022,16607.5,N/A,16568.5,16644.4,16585
12/28/2022,16571.1,N/A,16661.1,16584.8,16496.6
12/27/2022,16661.8,N/A,16891.7,16737.1,16585.7
12/26/2022,16884.8,N/A,16877.2,16964,16844.9
12/25/2022,16876.3,N/A,16826.1,16914.2,16822
12/24/2022,16819.6,N/A,16828.6,16850.8,16816.2
12/23/2022,16830.6,N/A,16839,16845.8,16777.8
12/22/2022,16830,N/A,16836.4,16889,16774.1
12/21/2022,16849.6,N/A,16794.4,16858.3,16811.2
12/20/2022,16810.9,N/A,16804,16919.4,16798.1
12/19/2022,16790.3,N/A,16711.7,16849.4,16400.7
12/18/2022,16728.7,N/A,16763,16809.5,16642
12/17/2022,16764.3,N/A,16706.3,16797.3,16709.1
12/16/2022,16715.5,N/A,17425.8,16723.2,16587
12/15/2022,17403,N/A,17726.9,17427.3,17351.8
12/14/2022,17693.6,N/A,17783.1,17846.1,17600
12/13/2022,17762.1,N/A,17151.3,17834.3,17753.2
12/12/2022,17163.6,N/A,16917.9,17234.4,17123.4
12/11/2022,16927.6,N/A,17153.9,17093.2,16878.5
12/10/2022,17170.7,N/A,17154,17174.4,17123.3
12/9/2022,17156.1,N/A,17201.5,17164.2,17121.3
12/8/2022,17193.2,N/A,16823.7,17288.6,17192.9
12/7/2022,16823,N/A,17040.1,16881.5,16789
12/6/2022,17020.4,N/A,16999.6,17126.7,17015.1
12/5/2022,17010.7,N/A,17374.9,17097.4,16966.3
12/4/2022,17255,N/A,17005.6,17306.3,17080.9
12/3/2022,17014,N/A,16934.5,17132.6,17010.8
12/2/2022,17013.2,N/A,16901.4,17132.6,17012.9
12/1/2022,16923.6,N/A,17147.5,17039.7,16867.6
11/30/2022,17140.9,N/A,16865.4,17222.6,17099.8
11/29/2022,16847,N/A,16283.4,17061.1,16433.2
11/28/2022,16462.9,N/A,16208.1,16471.2,16100.1
11/27/2022,16194.2,N/A,16526.7,16481.4,16060.8
11/26/2022,16556.4,N/A,16628.4,16595.4,16450.1
11/25/2022,16627.1,N/A,16385.8,16686.3,16511.2
11/24/2022,16399.2,N/A,16697.2,16611.8,16399.2
11/23/2022,16695.9,N/A,16501.4,16785.6,16539.9
11/22/2022,16508.8,N/A,15817.8,16576.3,16162.3
11/21/2022,15836.8,N/A,16147.7,15937.1,15751.7
11/20/2022,16711.8,N/A,16638.3,16749.3,16670.4
11/18/2022,16633.8,N/A,16691.2,16846.3,16553
11/17/2022,16691.2,N/A,16549.5,16739.7,16425.8
11/16/2022,16533.1,N/A,16882.7,16993.4,16408.2
11/15/2022,16916.5,N/A,16768.5,16993.4,16775.2
11/14/2022,16767.9,N/A,15989.4,16880.2,16543.9
11/13/2022,15943.1,N/A,16860.1,16394.7,15898.6
11/12/2022,16881.3,N/A,16756,16946.5,16779.3
11/11/2022,16789.3,N/A,17070.6,17100.8,16779.4
11/10/2022,17046.5,N/A,16492.6,17679.4,16897.9
11/9/2022,16396.8,N/A,18244.6,16523.8,15799.3
11/8/2022,18234.1,N/A,19667.3,18583.8,18007.4
11/7/2022,19676.9,N/A,20889.6,20667.5,19576
11/6/2022,20887,N/A,21229.2,21055.4,20827.7
11/5/2022,21242.5,N/A,21445.3,21360.4,21206.8
11/4/2022,21404.1,N/A,20325.8,21464.7,21084.1
11/3/2022,20319.9,N/A,20307.3,20324.3,20184.6
11/2/2022,20310.6,N/A,20520.6,20337.1,20123.5
11/1/2022,20535.6,N/A,20490.2,20548.5,20416.4
10/31/2022,20487,N/A,20519.1,20581.7,20450.3
10/30/2022,20515.2,N/A,20772.9,20670,20438.4
10/29/2022,20777,N/A,20755.3,20836.9,20706.3
10/28/2022,20749.1,N/A,20295,20802.4,20561.9
10/27/2022,20259.2,N/A,20745.4,20326.8,20201.6
10/26/2022,20742.9,N/A,20252.9,20836,20646.2
10/25/2022,20269.4,N/A,19341.4,20299.1,20062.9
10/24/2022,19343.9,N/A,19391.2,19359.3,19251
10/23/2022,19393,N/A,19198.6,19588.6,19350.1
10/22/2022,19198,N/A,19155.3,19218.6,19168.6
10/21/2022,19135.2,N/A,19049.9,19178.7,19116.1
10/20/2022,19054.3,N/A,19052.1,19122.9,19003.9
10/19/2022,19039.8,N/A,19291.5,19163,18935.6
10/18/2022,19291.4,N/A,19491.7,19692.9,19102.8
10/17/2022,19555.5,N/A,19204.7,19617.2,19487.5
10/16/2022,19197.8,N/A,19110.6,19307.2,19164.7
10/15/2022,19123.9,N/A,19194.3,19162.6,19066
10/14/2022,19209.2,N/A,19815.7,19218.7,19138.3
10/13/2022,19825.5,N/A,19087.6,19933.9,19342.4
10/12/2022,19099.7,N/A,19048.9,19168.4,19039.9
10/11/2022,19052.6,N/A,19044.3,19127.3,19031.3
10/10/2022,19049.5,N/A,19451.1,19134.6,18962.7
10/9/2022,19448.4,N/A,19373.4,19520.7,19408.9
10/8/2022,19344.1,N/A,19507.2,19450,19334.3
10/7/2022,19539.7,N/A,19981.9,19612.2,19516.8
10/6/2022,19998.9,N/A,20361.4,20051.4,19947.8
10/5/2022,20331.7,N/A,20188.3,20436.7,20145.4
10/4/2022,20199.9,N/A,19598.4,20353.8,20163.4
10/3/2022,19581.2,N/A,19163.9,19709.8,19506.4
10/2/2022,19179.2,N/A,19310.5,19251,19001.3
10/1/2022,19309.4,N/A,19414.5,19342.5,19250.1
9/30/2022,19402.5,N/A,19397.2,19480.3,19362.2
9/29/2022,19343.9,N/A,19504.2,19688.5,19325
9/28/2022,19528.7,N/A,18742.2,19587.8,19316
9/27/2022,18692,N/A,20103.3,19232.3,18505.3
9/26/2022,20119.9,N/A,18875.4,20287.3,19194.5
9/25/2022,18866.5,N/A,19053.1,18943.1,18735
9/24/2022,19042.9,N/A,19122.8,19051.2,18914.3
9/23/2022,19098.5,N/A,19384.8,19310.6,19048.2
9/22/2022,19408.3,N/A,18686.6,19463.5,19236.3
9/21/2022,18703.8,N/A,19023.7,18772.4,18371
9/20/2022,19013.7,N/A,19364.8,19052,18843.9
9/19/2022,19356.8,N/A,18772.6,19626.3,19183.9
9/18/2022,18806.8,N/A,19995,19508.5,18712.8
9/17/2022,19956.2,N/A,19879.5,20113.7,19956
9/16/2022,19893.1,N/A,19745,20055.8,19774.2
9/15/2022,19737.5,N/A,20029.4,19799.3,19602.3
9/14/2022,20025.5,N/A,20320,20265.5,19942.8
9/13/2022,20351.8,N/A,22231.6,20503.7,20069
9/12/2022,22218.7,N/A,21654,22431.3,22072.6
9/11/2022,21612.1,N/A,21545.9,22296.4,21581.6
9/10/2022,21518.5,N/A,21311.9,21679.6,21472.3
9/9/2022,21317.8,N/A,19925.2,21380.7,21170.4
9/8/2022,19838.5,N/A,19218.9,19851.9,19294.1
9/7/2022,19228.4,N/A,18739.4,19376.6,19169.6
9/6/2022,18722.1,N/A,19781.8,18866.7,18548.4
9/5/2022,19761.9,N/A,19882.5,20169.3,19687.4
9/4/2022,19896.2,N/A,19773.4,20042.9,19818.6
9/3/2022,19761.7,N/A,19897.1,19855.4,19756.7
9/2/2022,19902.8,N/A,20166.2,20043.8,19875.9
9/1/2022,20183.9,N/A,20015.8,20232.5,19960.6
8/31/2022,20007.8,N/A,20408,20202.7,19931
8/30/2022,20389.3,N/A,20267.9,20435.5,19793.4
8/29/2022,20257.7,N/A,19858,20295.6,20120.9
8/28/2022,19844.7,N/A,19996.6,19931.4,19551.2
8/27/2022,19999.1,N/A,20206.8,20134.1,19927.8
8/26/2022,20238.9,N/A,21554.4,20343.6,20144.7
8/25/2022,21521.6,N/A,21328.8,21632.5,21324.7
8/24/2022,21468.2,N/A,21259.4,21632.5,21324.7
8/23/2022,21239.8,N/A,21229.7,21551.1,21171.1
8/22/2022,21285.7,N/A,21419,21458.2,21271.2
8/21/2022,21380.6,N/A,21250.8,21489.9,21077.4
8/20/2022,21186.6,N/A,21146.8,21322.4,21126.1
8/19/2022,21135.4,N/A,22814,21170.7,20813.5
8/18/2022,22783.2,N/A,23457.8,23202.3,22718.2
8/17/2022,23447.6,N/A,23988.2,23512.3,23297.7
8/16/2022,24018.2,N/A,24045.7,24077,23834.6
8/15/2022,24101.5,N/A,24920.6,24240.8,23858.9
8/14/2022,24832.1,N/A,24602.8,25205.7,24193.8
8/13/2022,24589.3,N/A,24666.5,24623.4,24352.9
8/12/2022,24744.9,N/A,24008.3,24787.5,24337.5
8/11/2022,23997.1,N/A,24268.1,24090,23765.2
8/10/2022,24353.8,N/A,22913.8,24481.3,23923.3
8/9/2022,22876.6,N/A,23833.5,23150.5,22714.7
8/8/2022,23813.3,N/A,23305.4,23866.2,23636.4
8/7/2022,23307,N/A,22990.5,23339.8,23160.6
8/6/2022,22999.6,N/A,23266.8,23048,22852.3
8/5/2022,23202.8,N/A,23050.6,23344.4,23167
8/4/2022,23158.2,N/A,23073.1,23188.4,22593.5
8/3/2022,23069.8,N/A,22842.6,23214.5,22794.4
8/2/2022,22852.4,N/A,22853.6,23060,22698.6
8/1/2022,22876.7,N/A,23375.4,23412.7,22790.9
7/31/2022,23361,N/A,23741.9,23459.1,23265.9
7/30/2022,23706.7,N/A,23801.6,23864.6,23548.9
7/29/2022,23813.7,N/A,23918.9,23956.5,23698
7/28/2022,23924,N/A,23120.7,23938.7,23711.8
7/27/2022,23139.2,N/A,21074.1,23418.2,22714.1
7/26/2022,21068.7,N/A,21144.8,21279.8,21047.5
7/25/2022,21143.6,N/A,21863.6,21322.3,20916.6
7/24/2022,21802.8,N/A,22332,22653.3,21802.7
7/23/2022,22333.2,N/A,22838.2,22664.6,22311
7/22/2022,22883.4,N/A,22912.3,22896,22591.3
7/21/2022,22910.9,N/A,22774.2,23344.4,22873.6
7/20/2022,22841.5,N/A,23434.3,23403.8,22680.9
7/19/2022,23430.7,N/A,21891.7,23502,22965.9
7/18/2022,21835.6,N/A,21296.7,22910.2,21835.6
7/17/2022,21265.2,N/A,21324.6,21360.8,20770.6
7/16/2022,21344.5,N/A,20744.5,21445.1,21091.8
7/15/2022,20757.6,N/A,20614,20857.4,20617.4
7/14/2022,20547.4,N/A,20224.6,20811.3,20393.4
7/13/2022,20221.4,N/A,19468.9,20405.5,20187.9
7/12/2022,19475.1,N/A,19941.1,19544.6,19267.3
7/11/2022,19924.2,N/A,20547.9,19993.7,19794.8
7/10/2022,20615.7,N/A,21297.3,20855,20467.6
7/9/2022,21298.5,N/A,21608.9,21599.2,21190.7
7/8/2022,21603.8,N/A,22121.5,21681.3,21440.2
7/7/2022,22102,N/A,20473.8,22482.1,21580.9
7/6/2022,20460.6,N/A,19942,20584.2,20390.7
7/5/2022,19948,N/A,20301.9,20360.7,19785.3
7/3/2022,19078,N/A,19235.2,19342.5,18794.4
7/2/2022,19273.8,N/A,19119.1,19297.3,19172.6
7/1/2022,19103.7,N/A,19733.7,19369.2,19067.7
6/30/2022,19854.4,N/A,20072.4,20785.6,19668.6
6/29/2022,20064.8,N/A,20291,20155.1,19955.1
6/28/2022,20240.5,N/A,20731.9,20384.2,20180.5
6/27/2022,20718.4,N/A,21173.9,20862.8,20538
6/26/2022,21132.9,N/A,21425.2,21178.6,20937.3
6/25/2022,21419.2,N/A,21296.1,21531.1,21293.8
6/24/2022,21320.3,N/A,21068.9,21373.2,21132.7
6/23/2022,21069.2,N/A,20210.3,21316,20982.2
6/22/2022,20259.8,N/A,20312.8,20578.7,19907.5
6/21/2022,20277.3,N/A,20611.9,20720.2,20276.2
6/20/2022,20637.4,N/A,19990.2,20764.8,20371.7
6/19/2022,20078.6,N/A,18276.9,20607.1,19658.8
6/18/2022,18462.4,N/A,20429.8,19169.5,18230.1
6/17/2022,20420.4,N/A,20375,20744.7,20311
6/16/2022,20395.9,N/A,22205.1,21017.6,20244.1
6/15/2022,22213,N/A,21448,22942.1,22187.8
6/14/2022,21648.5,N/A,22099.2,22254.6,21545.8
6/13/2022,22022.8,N/A,25533.1,22771.4,20860.9
6/12/2022,25522.6,N/A,27573.1,26857.6,24978.3
6/11/2022,27622.2,N/A,29268.7,28534.8,27313.1
6/10/2022,29268.5,N/A,30116.2,29304.3,29046.4
6/9/2022,30159.6,N/A,30290,30325.6,29663.2
6/8/2022,30271.8,N/A,30009.4,30317.3,30070.9
6/7/2022,30095.8,N/A,29572.5,31312.1,29879
6/6/2022,29567.6,N/A,31248,31370.3,29235
6/5/2022,31193.9,N/A,29755.6,31222.9,29888.6
6/4/2022,29746.8,N/A,29564.4,29890.6,29684
6/3/2022,29565,N/A,30543.2,29758,29493.2
6/2/2022,30486.2,N/A,29814.9,30674.8,30367.7
6/1/2022,29716.8,N/A,31801.2,29890.9,29620.7
5/31/2022,31631,N/A,31689,31969.9,31627.9
5/30/2022,30598.9,N/A,29149.5,30833.7,29307.2
5/29/2022,30301.8,N/A,28901.1,30375.3,29307.2
5/28/2022,28939.3,N/A,28694.9,29041.2,28838.7
5/27/2022,28789.8,N/A,28983.3,28826.4,28537.2
5/26/2022,29045.8,N/A,29808.2,29377.1,28848.8
5/25/2022,29787.1,N/A,30179.2,29868.9,29518
5/24/2022,30162.7,N/A,29301.9,30191.9,29551
5/23/2022,29281,N/A,30157.8,29310.6,29069.3
5/22/2022,30149.6,N/A,29352.7,30423.7,30059.8
5/21/2022,29360.2,N/A,29250.2,29535.3,29360.2
5/20/2022,29187.4,N/A,30168.6,29328.1,28953.9
5/19/2022,30209.3,N/A,29180.6,30735.1,30126.2
5/18/2022,29202.1,N/A,29834.8,29281.8,28682.1
5/17/2022,29840.9,N/A,30361.1,30687.9,29802.4
5/16/2022,30426.4,N/A,30312.8,30488.1,29804.3
5/15/2022,30298,N/A,29722.1,31312.4,30211.2
5/14/2022,29700.5,N/A,29568.9,30226.3,29554.4
5/13/2022,29540.2,N/A,30567.5,29788.8,29223.9
5/12/2022,30636.3,N/A,28383.7,30713.2,28755
5/11/2022,28757.2,N/A,31204.8,30136.7,28503.5
5/10/2022,31290.5,N/A,30655.3,31661,30652.7
5/9/2022,30665.4,N/A,33557,31380.7,29831
5/8/2022,33582,N/A,34478,34227,33296
5/7/2022,34461,N/A,35813,35497,34228
5/6/2022,35866,N/A,36431,36051,35757
5/5/2022,36405,N/A,39736,36646,36155
5/4/2022,39727,N/A,38017,39791,39555
5/3/2022,38004,N/A,38500,38098,37660
5/2/2022,38523,N/A,38705,38603,38312
5/1/2022,38699,N/A,38045,38807,38387
4/30/2022,38005,N/A,38652,38077,37397
4/29/2022,38649,N/A,39512,38775,38549
4/28/2022,39487,N/A,39345,39919,39299
4/27/2022,39352,N/A,38333,39698,39164
4/26/2022,38379,N/A,40549,38476,37869
4/25/2022,40536,N/A,39254,40724,40398
4/24/2022,39255,N/A,39787,39505,38695
4/23/2022,39801,N/A,39464,39829,39421
4/22/2022,39441,N/A,40502,39852,39433
4/21/2022,40549,N/A,41711,40655,40258
4/20/2022,41669,N/A,41409,41780,41339
4/19/2022,41359,N/A,40701,41550,41235
4/18/2022,40710,N/A,39820,41271,40613
4/17/2022,40430,N/A,40424,40531,40129
4/16/2022,40299,N/A,40425,40432,40129
4/15/2022,40432,N/A,40208,40691,40414
4/14/2022,40155,N/A,41332,40173,39781
4/13/2022,41314,N/A,40071,41494,41062
4/12/2022,40095,N/A,39717,40267,39581
4/11/2022,39695,N/A,42108,39845,39293
4/10/2022,42079,N/A,42783,42418,41791
4/9/2022,42786,N/A,42391,42893,42605
4/8/2022,42419,N/A,43612,42468,42129
4/7/2022,43572,N/A,43326,43697,43304
4/6/2022,43297,N/A,45180,43559,42747
4/5/2022,45228,N/A,46654,45512,44417
4/4/2022,46622,N/A,46025,46788,46430
4/3/2022,46110,N/A,45962,46442,45772
4/2/2022,46201,N/A,46366,47212,45641
4/1/2022,46541,N/A,44597,47212,46096
3/31/2022,44525,N/A,47100,45652,44261
3/30/2022,47109,N/A,47470,47438,46980
3/29/2022,47475,N/A,47347,47475,46601
3/28/2022,47350,N/A,47060,47631,47087
3/27/2022,47016,N/A,44739,47561,46672
3/26/2022,44652,N/A,44425,44950,44511
3/25/2022,44380,N/A,43984,44471,44090
3/24/2022,43969,N/A,42738,44400,43883
3/23/2022,42797,N/A,42118,43284,42683
3/22/2022,42145,N/A,42257,42552,41930
3/21/2022,42263,N/A,40855,42490,40893
3/20/2022,40887,N/A,41961,41471,40530
3/19/2022,41988,N/A,41804.4,42301,41804
3/18/2022,41575.3,N/A,40528.3,41998.4,41529.6
3/17/2022,40498.2,N/A,41006.2,40935.6,40272.9
3/16/2022,41003.8,N/A,39160.8,41379.8,40825.1
3/15/2022,39177.4,N/A,38773.8,41701.6,38996.6
3/14/2022,38729.5,N/A,38172.4,39786.1,38658
3/13/2022,38109.1,N/A,39189.3,38294.7,37613.6
3/12/2022,39181.1,N/A,39093.5,39272.3,38733.1
3/11/2022,39188.2,N/A,38515.4,39289.9,38666.5
3/10/2022,38491,N/A,39543.1,39431.9,38236.4
3/9/2022,39648,N/A,41637,42029.1,39466.2
3/8/2022,41623.2,N/A,38558,41793.9,38663.3
3/7/2022,38487.5,N/A,37931.7,38935,37886.6
3/6/2022,37951.3,N/A,39468.9,38543.2,37597.7
3/3/2022,42449.2,N/A,43912.8,44077.2,41840.8
3/2/2022,43300.1,N/A,44252.7,44041.7,43258.7
3/1/2022,44336.6,N/A,43350,44730.7,43857.6
2/28/2022,43331.5,N/A,37818.6,43638.6,42890.9
2/27/2022,37827.8,N/A,38610.6,38336.3,37458.9
2/26/2022,38608.2,N/A,39420,39255,38230.9
2/25/2022,39443.6,N/A,38927.2,40094.5,39166.3
2/24/2022,38756.5,N/A,34912.1,38991,38167
2/23/2022,35078.8,N/A,37760.5,37417.3,34594.1
2/22/2022,37982.8,N/A,36576.5,38329.9,37598.7
2/21/2022,36714.9,N/A,38935.8,37421.1,36399.6
2/20/2022,39234,N/A,39533.9,39320.6,38226.8
2/19/2022,39622.6,N/A,40140,40120.3,39588.5
2/18/2022,40169.6,N/A,40693.8,40284,39940.6
2/17/2022,40652.1,N/A,43635,40928.6,40318
2/16/2022,43692.1,N/A,43900.1,44167.1,43376.3
2/15/2022,43852.7,N/A,43492.8,44552.9,43692.2
2/14/2022,43483.8,N/A,41967.6,43732.5,42460.1
2/13/2022,41909.3,N/A,42207.6,42170.6,41591.3
2/12/2022,42202.7,N/A,42291,42495.3,42080
2/11/2022,42275.7,N/A,43108,42480.7,42179.9
2/10/2022,43052.3,N/A,43802.1,43705.9,42643.7
2/9/2022,43607.8,N/A,43469.5,44398.2,43594.8
2/8/2022,43555.2,N/A,44370.6,44305.3,43202.1
2/7/2022,44287.8,N/A,42839.2,44304.4,43585.5
2/6/2022,42793.1,N/A,41551.6,42922.9,41695.4
2/5/2022,41521.7,N/A,41467.3,41641.2,41321.1
2/4/2022,41450.2,N/A,37301.6,41873.6,41201.1
2/3/2022,37334.7,N/A,36915.5,37420.8,37041.1
2/2/2022,36961.3,N/A,38469,37043.1,36773.4
2/1/2022,38467.8,N/A,38564.9,38853.8,38399.7
1/31/2022,38539.1,N/A,36915.8,38644.7,38189.4
1/30/2022,36958.5,N/A,38120.7,37923.8,36672.8
1/29/2022,38040.5,N/A,37834.2,38274.7,37796.4
1/28/2022,37844.5,N/A,37214,37977,37465.4
1/27/2022,37151.3,N/A,35947.3,37452.8,36662.4
1/26/2022,35905.8,N/A,37784.3,37067.9,35543.2
1/25/2022,36391.9,N/A,33701.2,36717.6,35729.3
1/24/2022,36013.2,N/A,35121.4,36691.3,35976.4
1/23/2022,35095.6,N/A,35227.4,36268.6,35095.6
1/22/2022,35245.4,N/A,36286.7,35516.8,34821.4
1/21/2022,36303.9,N/A,38809.5,36749.8,36082.4
1/20/2022,38853.1,N/A,41902.4,41104.6,38300.8
1/19/2022,41929.2,N/A,41715.7,42072.7,41658.9
1/18/2022,41705.1,N/A,42041.6,42492,41609.5
1/17/2022,42026.6,N/A,42623.5,42420.3,41931.5
1/16/2022,42721.7,N/A,43035.1,43179.6,42610.7
1/15/2022,43069.7,N/A,42937.5,43150,42873.1
1/14/2022,42878.6,N/A,42687.5,43179,42759.6
1/13/2022,42747.6,N/A,43632.1,42824.4,42380.9
1/12/2022,43618.7,N/A,42628.4,44039.1,43437.3
1/11/2022,42576.5,N/A,42325.5,42968.4,42476.7
1/10/2022,42191,N/A,42198.5,42377.3,41582
1/9/2022,42346.2,N/A,41809.4,42764.4,41260.9
1/8/2022,41976.8,N/A,41902.2,42168.4,41396.8
1/7/2022,41950.2,N/A,41656.7,42226.8,41551.3
1/6/2022,41628.5,N/A,43051,43127.7,41070
1/5/2022,42947.9,N/A,46398.9,43772.3,42615.8
1/4/2022,46439.5,N/A,46096.5,46536.5,45750.1
1/3/2022,46069.1,N/A,46825.2,46517.6,45967.2
1/2/2022,46819.5,N/A,46919.1,47292,46740.9
1/1/2022,47043.6,N/A,46709.5,47753.3,47043.6
12/31/2021,46762.2,N/A,47204.7,46925.4,46217.5
12/30/2021,47315.3,N/A,46503.3,47451.6,46835.4
12/29/2021,46773,N/A,48006.7,46922,46003
12/28/2021,47862.4,N/A,49821.4,48121.7,47484.8
12/27/2021,49151.8,N/A,51012.7,50703.8,48743.7
12/26/2021,51003.8,N/A,49701.7,51129.7,50459
12/25/2021,49819.5,N/A,50836.9,50663.2,49631.7
12/24/2021,50890.6,N/A,51038.4,51131.9,50633.8
12/23/2021,51052,N/A,48371.2,51521.4,50657.1
12/22/2021,48475.2,N/A,49227,48723.4,48089.3
12/21/2021,49302.3,N/A,48577,49540.3,48617.7
12/20/2021,48589.7,N/A,46990.8,48797.6,46654
12/19/2021,47133.6,N/A,47322.3,48068.4,46438.4
12/18/2021,48000.5,N/A,46418.4,48068.4,46438.4
12/17/2021,46421.2,N/A,47925.9,46493.4,45513.4
12/16/2021,47915.7,N/A,48756.4,47997.2,47500.5
12/15/2021,48788.9,N/A,48243.2,49256.4,48603.9
12/14/2021,48249.7,N/A,47007,48670,47868.7
12/13/2021,46988.2,N/A,49041.3,47210.1,46338.3
12/12/2021,49007.3,N/A,48864,50196.1,48483.9
12/11/2021,48922.7,N/A,48546.4,49652.7,48917.4
12/10/2021,48434.8,N/A,48205.8,48669.8,46834
12/9/2021,48234.5,N/A,49819.8,48751.2,47473.8
12/8/2021,49730.4,N/A,50230.2,50790.2,49501.1
12/7/2021,50189.3,N/A,50916.3,50799.1,50090.9
12/6/2021,50907.7,N/A,49004.9,51351.1,50378.7
12/5/2021,49059,N/A,48957.6,49457.2,48317.2
12/4/2021,48367.5,N/A,55320.6,53847.2,42587.8
12/3/2021,51422.3,N/A,56598.7,53847.2,51422.3
12/2/2021,56546.4,N/A,56509.6,56752.2,56116.3
12/1/2021,56496.9,N/A,57081.6,57377.5,55807.9
11/30/2021,57078.1,N/A,57209.6,57671.5,56715
11/29/2021,57219.4,N/A,57263.2,57961.1,56819.6
11/28/2021,57371.9,N/A,54045,58228.5,57157.7
11/27/2021,53998,N/A,54496.1,54804.3,53735.5
11/26/2021,54553.2,N/A,57900.3,54622.7,53654.3
11/25/2021,57815.7,N/A,57746.4,59151.1,57696.6
11/24/2021,57272.3,N/A,56402.5,58262.9,57127.1
11/23/2021,56578.8,N/A,56932.2,57697.4,56171.3
11/22/2021,56902.1,N/A,57399.8,57243.9,56024.2
11/21/2021,57290,N/A,58679,58719.7,57203.6
11/20/2021,58654.6,N/A,58543.1,59771.9,58598.5
11/19/2021,58425.7,N/A,55903.4,58982.4,57963
11/18/2021,56147.5,N/A,59862.2,57502.4,55626.3
11/17/2021,59941.3,N/A,59037.2,60936.9,59661.5
11/16/2021,58999.1,N/A,61258.5,60398.7,58584
11/15/2021,61418.5,N/A,65776.6,63605.6,60375.5
11/14/2021,65736.6,N/A,64743.7,66160.7,65514.9
11/13/2021,64749.6,N/A,63701,65289.1,64397.2
11/12/2021,63800.9,N/A,64921.3,64417,63584.4
11/11/2021,65005.4,N/A,64642,65449.7,64158.4
11/10/2021,64556.4,N/A,66644.3,65042.2,64121.9
11/9/2021,66627.7,N/A,68277.9,67357.6,66263.9
11/8/2021,68205.4,N/A,65181.3,68493.3,67169.7
11/7/2021,65164.5,N/A,62194.2,65575.3,63276.4
11/6/2021,62091.7,N/A,61132.9,62307.7,61347.2
11/5/2021,61078.6,N/A,62242.1,61289.5,60828.8
11/4/2021,62139.5,N/A,62439.2,62326.3,60856.7
11/3/2021,62464,N/A,63211.6,63077.6,62293.8
11/2/2021,63041.7,N/A,61091.8,63508.6,62810.7
11/1/2021,61098.7,N/A,59952.3,61523.4,60651.5
10/31/2021,60086.2,N/A,61699.2,61733.9,60019.3
10/30/2021,61648.6,N/A,61667.6,62393.7,61617.3
10/29/2021,61707.2,N/A,61661.1,62338.5,61646.6
10/28/2021,61558.1,N/A,58791.6,62009.1,60322.2
10/27/2021,58791.1,N/A,60536.2,58946.1,58128.1
10/26/2021,60708.6,N/A,62738.2,60830.4,60159.3
10/25/2021,62688.4,N/A,61955.9,63275.1,62647.9
10/24/2021,62094.3,N/A,61197.5,62214.4,60655.8
10/23/2021,61253.3,N/A,61133.6,61469.9,60829.3
10/22/2021,61162.7,N/A,62840.3,61243.3,60434.1
10/21/2021,63145,N/A,65070.5,63305.5,62152.8
10/20/2021,64998.5,N/A,63847.2,66004.7,64125.9
10/19/2021,63918.7,N/A,62603.8,64343.4,63750.8
10/18/2021,62643.6,N/A,62126.1,62954,61692.9
10/17/2021,62055.5,N/A,61133.8,62563.5,61415.4
10/16/2021,61159,N/A,61624,61333.9,60511.2
10/15/2021,61426.5,N/A,59435.5,61736.8,61123.2
10/14/2021,59323.5,N/A,58071.6,59417.7,56874.8
10/13/2021,58168.4,N/A,56279.9,58506.5,57149.8
10/12/2021,56297.4,N/A,56673.3,56537.3,55845.3
10/11/2021,56704.4,N/A,56505.4,57480.6,56438.3
10/10/2021,56534.9,N/A,55076.9,56681.6,54457.8
10/9/2021,54868.6,N/A,54583.6,55169.9,54100.8
10/8/2021,54637.5,N/A,53802.5,54681.9,53711.7
10/7/2021,53810.6,N/A,54818.2,54418.1,53716.1
10/6/2021,54966.6,N/A,51537.3,55325.2,54162.7
10/5/2021,51540.8,N/A,49302.5,51604.6,50993
10/4/2021,49210.2,N/A,47486.7,49760.2,49060.1
10/3/2021,47498.3,N/A,47882.1,48285,47398.7
10/2/2021,47662.7,N/A,47533.6,47800.5,47123
10/1/2021,47548,N/A,43621.5,48226.6,47509.1
9/30/2021,43467.3,N/A,43627.3,44011.5,43292.9
9/29/2021,43446.4,N/A,42162.2,43495.4,41416.7
9/28/2021,42092.6,N/A,42553.8,42108.5,40815
9/27/2021,43863.5,N/A,41960.3,44293.2,42949.7
9/26/2021,43889.5,N/A,42199.8,44293.2,42949.7
9/25/2021,42234.2,N/A,42634.9,42737.6,41943.9
9/24/2021,42654.1,N/A,44289,42944,42073.8
9/23/2021,44365.4,N/A,44070,44977.5,44336.6
9/22/2021,43959.2,N/A,42051.4,44162.9,43090.1
9/21/2021,42206.2,N/A,42684.5,42393.4,40585.7
9/20/2021,42686.2,N/A,45584.9,43035.6,40401.5
9/19/2021,45526.3,N/A,47840.2,47323.9,45310.7
9/18/2021,47940.9,N/A,47926.1,48341.9,47650.8
9/17/2021,47526.6,N/A,48032.7,47572,47070.5
9/16/2021,47876.3,N/A,47625.4,48095.8,47466.5
9/15/2021,47545.5,N/A,47091.9,48181.9,47358.8
9/14/2021,47097.4,N/A,45193.2,47396,46953.7
9/13/2021,45281.7,N/A,44845,45353.8,44718.7
9/12/2021,44973.6,N/A,45319.6,46269.8,44830
9/11/2021,45308.7,N/A,45190.1,45338.8,44755.2
9/10/2021,45023.2,N/A,46721.5,45476.1,44766.6
9/9/2021,46604.7,N/A,45973.9,47021.6,46287.7
9/8/2021,45904.5,N/A,46444.2,46341.9,45609
9/7/2021,46533.2,N/A,52649.9,47316.9,46329.3
9/6/2021,52639.6,N/A,51601.2,52885.3,52388.6
9/5/2021,50129.3,N/A,50099.3,50285.9,49492.4
9/4/2021,49716.3,N/A,50280.5,50285.9,49705.6
9/3/2021,50267.4,N/A,49485.2,50346.3,49603.1
9/2/2021,49446.8,N/A,49567,49497.3,48377.3
9/1/2021,49571.7,N/A,47050.5,49870.3,48612.9
8/31/2021,46918.2,N/A,47151.5,47289.5,46533.1
8/30/2021,47177,N/A,47964.3,47204.9,46709.3
8/29/2021,47944.6,N/A,48231.9,48886,47822.7
8/28/2021,48258.5,N/A,48862.5,49621.7,48101.9
8/27/2021,48880.7,N/A,46822.3,49289.4,48846.4
8/26/2021,46867.7,N/A,47263.6,49347.8,46584
8/25/2021,47967.1,N/A,47993.2,49347.8,47898.8
8/24/2021,48000.6,N/A,49341.6,48277.5,47669.8
8/23/2021,49352.5,N/A,50263.4,49685.2,48812.4
8/22/2021,50226.5,N/A,48807.3,50329.4,49099
8/21/2021,48736.4,N/A,48834.5,49164.1,48623.7
8/20/2021,48901.9,N/A,47056.5,49334,48744.8
8/19/2021,47048,N/A,44073.6,47377.9,46646.8
8/18/2021,44177.2,N/A,45048.2,45184.6,44086.7
8/17/2021,44959,N/A,46393.3,45133.9,44230
8/16/2021,46399.9,N/A,47375.4,46589.1,45323.2
8/15/2021,47497.9,N/A,46870.1,48002.4,46814.1
8/14/2021,47015.6,N/A,47546,47344.1,46928
8/13/2021,47500.4,N/A,44950.2,47826.5,47408.6
8/12/2021,44962.2,N/A,45916.8,45012.1,44242.4
8/11/2021,46123.5,N/A,45585.1,46213.8,45432.5
8/10/2021,45600.4,N/A,45714.8,45983,45367.9
8/9/2021,45689.8,N/A,43504.9,46663.4,45659.4
8/8/2021,43552.4,N/A,44327.7,43958.6,42824.1
8/7/2021,44307.8,N/A,43712.7,44749.5,43842.5
8/6/2021,43672.9,N/A,40223.3,43707.4,42611
8/5/2021,40166.6,N/A,39433.6,40979,39967.4
8/4/2021,39431.3,N/A,37972.1,39834.2,39202.6
8/3/2021,38054.8,N/A,38653.8,38555.5,37904.4
8/2/2021,38569.7,N/A,39789.5,39766.6,38543.5
8/1/2021,39782.5,N/A,42446.5,40078.5,39306.9
7/31/2021,42281.8,N/A,41818,42361.8,41123.8
7/30/2021,41914.8,N/A,39981.7,42285.3,41645.5
7/29/2021,39976.3,N/A,39657.8,40245.6,39769.8
7/28/2021,39740.4,N/A,39845,40205.2,39340.8
7/27/2021,39831.3,N/A,36552,40296.4,38946.6
7/26/2021,36914.2,N/A,38072.6,37514.9,36427.4
7/25/2021,38138,N/A,33824.8,39639.9,35236.7
7/24/2021,34234.5,N/A,33670.3,34302.5,33956.8
7/23/2021,33611.3,N/A,32591.5,33776.7,33412.9
7/22/2021,32537.4,N/A,31941.1,32746.2,32215
7/21/2021,31960.1,N/A,29841.3,32352.3,31803.1
7/20/2021,29849.9,N/A,29609.5,29901.8,29519.3
7/19/2021,29619.3,N/A,31553.7,31040.8,29574
7/18/2021,31577.7,N/A,32151.5,31838.7,31462.8
7/17/2021,32132.1,N/A,31310.2,32408.2,31490.2
7/16/2021,31326.6,N/A,31899.8,31616.8,31207.8
7/15/2021,31906.4,N/A,32760.4,32016.9,31581.1
7/14/2021,32711.8,N/A,32543.1,33157,32657.7
7/13/2021,31785,N/A,33075.9,32778.8,31695.8
7/12/2021,33139.4,N/A,34267.6,33220.4,32839.5
7/11/2021,34504.4,N/A,33535.6,34507.9,34077.1
7/10/2021,33461.4,N/A,33725,33794.9,33434.4
7/9/2021,33827.8,N/A,32747,34221,33678
7/8/2021,32956.6,N/A,33372.9,32993.5,32367
7/7/2021,33359.6,N/A,34444.3,33923.2,33095.9
7/6/2021,34428.1,N/A,33923.3,34495.7,33966.6
7/5/2021,33883.2,N/A,34371.6,34157.4,33669.5
7/4/2021,34334.7,N/A,34742.8,35300.5,34309.2
7/3/2021,34771.6,N/A,33299,34909.8,33363.3
7/2/2021,33396,N/A,32909.5,33895.1,33363.3
7/1/2021,32895.6,N/A,34155.1,33925.9,32778.7
6/30/2021,34202.6,N/A,35071.7,35030.7,34174.5
6/29/2021,35254.7,N/A,34584.1,36089.5,35148.9
6/28/2021,34555.3,N/A,34396.1,35125.8,34247.6
6/27/2021,34458.7,N/A,33152.6,34884,34319.5
6/26/2021,33189.6,N/A,32000,33192.3,32041.7
6/25/2021,32063.6,N/A,35103.5,32214.2,31360.1
6/24/2021,35098.7,N/A,32612.9,35490.9,34304.2
6/23/2021,32466.3,N/A,33989.2,33798.6,32376.2
6/22/2021,33811.7,N/A,33028.2,34236.2,31736.5
6/21/2021,33025.6,N/A,34691,33181.2,31216
6/20/2021,34681,N/A,35531.9,35708.4,34676.1
6/19/2021,35636.2,N/A,35084.1,35788.1,35176.2
6/18/2021,34963.5,N/A,37925.6,36283.5,34845.5
6/17/2021,37940.2,N/A,38862.5,38166,37231.8
6/16/2021,38834.5,N/A,40031.8,38963.7,38231.4
6/15/2021,40023.9,N/A,40403.5,40167.5,39645.3
6/14/2021,40479.3,N/A,38995.2,40838.1,39920
6/13/2021,38826.4,N/A,34881.8,39784.6,38769.9
6/12/2021,34950.8,N/A,35585.4,35903.9,34876.1
6/11/2021,35339.5,N/A,36758.6,37437.3,35335.8
6/10/2021,36665.9,N/A,36955.5,37177.3,36003.3
6/9/2021,37012.9,N/A,32881,37595.3,36759.8
6/8/2021,32952.3,N/A,32819.6,33502.8,32428.6
6/7/2021,32869,N/A,36384,34047.8,32447
6/6/2021,36404.7,N/A,36002.2,36754.6,35576.3
6/5/2021,35968.9,N/A,37400.3,36225.5,35421.5
6/4/2021,37419.3,N/A,37928.2,37811.3,36666.8
6/3/2021,37877.1,N/A,37636,39255.4,37442.6
6/2/2021,37581.7,N/A,36479.5,37812.7,37193.6
6/1/2021,36395.6,N/A,36699.5,36856.2,35981.1
5/31/2021,36617.3,N/A,34503.3,37850.3,36539.1
5/30/2021,34408.7,N/A,34780.3,35931.9,34330.2
5/29/2021,34670.7,N/A,36465.5,34773.6,33441
5/28/2021,36324.7,N/A,38279,36717.8,35651.4
5/27/2021,37973.8,N/A,37616.5,38844.1,37790.4
5/26/2021,37470,N/A,39562.9,39249,37190.8
5/25/2021,39444.5,N/A,38360.3,39497.3,37847
5/24/2021,38288.4,N/A,35268.6,39740.8,37875.1
5/23/2021,35298.3,N/A,37460.4,35863.1,34715.3
5/22/2021,37436.4,N/A,36979.4,38248.7,36822.9
5/21/2021,36906.3,N/A,40710.8,38056.8,36606.7
5/20/2021,40779.5,N/A,38170.6,42108.3,40521.5
5/19/2021,38220.1,N/A,40491.1,38573.3,35010.4
5/18/2021,40569,N/A,45042.4,43516.6,40164.2
5/17/2021,44847.2,N/A,44482,45231.4,43186.8
5/16/2021,43493.4,N/A,48167.2,46545.4,43072.5
5/15/2021,47875.9,N/A,50046.3,48323.8,46574.6
5/14/2021,49762.8,N/A,49176.2,50640.9,49303.7
5/13/2021,49391.5,N/A,50260.7,50387.3,49258
5/12/2021,49715.2,N/A,57762.7,50843,46331.1
5/11/2021,57752.6,N/A,55164.2,57753,56597.1
5/10/2021,55126.4,N/A,59400.6,56384.2,54550.4
5/9/2021,59352.4,N/A,58585.3,59426.6,58066
5/8/2021,58976.3,N/A,58110.5,59227,58391.4
5/7/2021,58058.1,N/A,55732,58412.9,56972.2
5/6/2021,55920,N/A,56835.9,57080.7,55533.7
5/5/2021,56860.9,N/A,55024.5,57560.8,56623.5
5/4/2021,55085.6,N/A,55745.7,55088.1,53872.5
5/3/2021,55470.2,N/A,57953.7,57201.3,54735.3
5/2/2021,57961.5,N/A,56532.2,58261.4,56562.4
5/1/2021,56591,N/A,58189.8,57868.4,56556.1
4/30/2021,58188.8,N/A,53706,58449.4,57528.9
4/29/2021,53667,N/A,54270.4,53802.7,53088.7
4/28/2021,54165.8,N/A,54818.7,55173.7,54164.4
4/27/2021,55019.8,N/A,53505.3,55718.8,54871.9
4/26/2021,53527.9,N/A,52388.1,54120.6,53431.1
4/25/2021,52265.6,N/A,49690.8,52420.9,48815.9
4/24/2021,49705.9,N/A,50128.7,50438.8,49658.6
4/23/2021,50207,N/A,50294.7,51183,49380.6
4/22/2021,50197.1,N/A,53456.3,52099.9,48788.3
4/21/2021,53351.4,N/A,55256.9,54606.2,52585.9
4/20/2021,55500.5,N/A,54709,56764.4,55447.9
4/19/2021,54759.9,N/A,57060.2,55776.8,54404.6
4/18/2021,57230.4,N/A,55371.5,57275.2,55767
4/17/2021,53728.9,N/A,62404.8,60362.1,51817.6
4/16/2021,62376.3,N/A,62936.8,62509.1,61155.6
4/15/2021,63063.3,N/A,63055.8,63518.5,62738.3
4/14/2021,63001.1,N/A,63715.3,63347.3,62361.7
4/13/2021,63809,N/A,60496.3,63818.7,63080.7
4/12/2021,60535.5,N/A,60350.4,61068.3,59839.4
4/11/2021,60211.2,N/A,60267.1,60311.3,59598.2
4/10/2021,60319.8,N/A,59206.4,60667.1,59640.8
4/9/2021,59119.4,N/A,58010.7,59149.9,57900
4/8/2021,58081.2,N/A,56565.9,58391.3,57832.9
4/7/2021,56580.9,N/A,57900.4,56674.6,55721.6
4/6/2021,57907.1,N/A,58611.7,58192.7,57286.9
4/5/2021,58800.4,N/A,57452.1,59487,58662
4/4/2021,57555.1,N/A,57541.4,58355,57497.6
4/3/2021,57325.1,N/A,59216.6,57448.9,56470.6
4/2/2021,59205.3,N/A,59676.4,59414,58948.5
4/1/2021,59733.7,N/A,59083.4,60134.9,58496.3
3/31/2021,58995.8,N/A,58673.7,59309.8,58738.9
3/30/2021,58534.6,N/A,57320,59030.2,58429.8
3/29/2021,57141,N/A,55344.1,57752.7,57128.3
3/28/2021,55393.9,N/A,55791.9,55899.4,55002.9
3/27/2021,56133.6,N/A,54786.9,56174.8,55645.5
3/26/2021,54751.7,N/A,51667.2,55532.1,54551.8
3/25/2021,52428.5,N/A,52189.3,52669.2,51306.1
3/24/2021,52136.7,N/A,54447.1,52763,51561.3
3/23/2021,54444.7,N/A,54517.9,54716.8,53579.1
3/22/2021,54577,N/A,57558.1,55287.5,53842.1
3/21/2021,57316.4,N/A,57809.8,57443.4,56357.5
3/20/2021,57754.5,N/A,58419.7,58583.8,57471.4
3/19/2021,58296.2,N/A,57773,58877.5,57863
3/18/2021,57859.3,N/A,58724.5,57876.5,56305.1
3/17/2021,58727.6,N/A,55489.5,59489.4,58621.9
3/16/2021,55835.2,N/A,54277.3,57121,55683.4
3/15/2021,54269.4,N/A,60347.5,56024.1,53342.6
3/14/2021,60375.5,N/A,61350.2,60459.9,58859
3/13/2021,61218.9,N/A,56865.6,61673.7,60755.8
3/12/2021,56485.1,N/A,56702.6,57271.8,56118.8
3/11/2021,56710.6,N/A,55812.7,58052.3,56545.9
3/10/2021,55667.1,N/A,53694.3,56461,55168.1
3/9/2021,53565.5,N/A,53714.1,55772.3,53187.5
3/8/2021,53878.4,N/A,50450.8,54077.9,51941.3
3/7/2021,50411.2,N/A,49485.6,51801.1,50141.4
3/6/2021,49501.2,N/A,48467.1,49881.4,48890.6
3/5/2021,48447.7,N/A,46677.4,49132.7,48166.4
3/4/2021,47132,N/A,49029.8,48363.6,46370.1
3/3/2021,49278.1,N/A,49126.2,51757.7,49111.5
3/2/2021,49207.5,N/A,49161.1,49309.1,48159.2
3/1/2021,49053,N/A,46464.4,50191.9,48662.2
2/28/2021,46566.6,N/A,44403.5,46809.5,45008.8
2/27/2021,44741,N/A,47686.9,46582,44346.9
2/26/2021,47762.9,N/A,47011.8,48018.5,46205.2
2/25/2021,47020,N/A,49651.9,47749.1,46051.2
2/24/2021,49822.7,N/A,50783,50857.8,49597.9
2/23/2021,50884.3,N/A,50636.7,51299.1,47031.7
2/22/2021,50379,N/A,55807.3,54115,50161.2
2/21/2021,55531.8,N/A,56715.9,57480.5,55128.5
2/20/2021,56537.3,N/A,55829.6,56895.2,55502.7
2/19/2021,55941.9,N/A,51162.8,56552.6,55415.1
2/18/2021,51137.3,N/A,52170.7,51925.3,50816.8
2/17/2021,52070.7,N/A,49360.2,52524,51731.3
2/16/2021,49273.4,N/A,49349.4,50209.6,49018.1
2/15/2021,49224.3,N/A,46875.7,49951,47044.4
2/14/2021,46784.5,N/A,47558.1,48936.5,45786.1
2/13/2021,47564.1,N/A,47840,47698.3,47051.9
2/12/2021,47856.3,N/A,47309.6,48097.3,47271
2/11/2021,47123.7,N/A,44648.8,48927.4,46950.9
2/10/2021,44618.5,N/A,46022.3,44993.5,44041
2/9/2021,46010.7,N/A,46841.3,46865.5,45652.1
2/8/2021,46400.5,N/A,38596.3,47405.3,45603.3
2/7/2021,38611.7,N/A,38328.5,39123.6,38057
2/6/2021,37990.1,N/A,39208.2,39611.9,37987.2
2/5/2021,39259.4,N/A,37284.7,39653.1,38275.3
2/4/2021,37299.4,N/A,37696.7,37488.4,36640
2/3/2021,37634.5,N/A,36618.4,38298.5,37375.9
2/2/2021,36609.2,N/A,33904.7,36843.5,35401.5
2/1/2021,33869.6,N/A,33554.3,34150.4,33462.4
1/31/2021,33580.3,N/A,34031.8,33937.7,32324.9
1/30/2021,33930.3,N/A,33512,34348.3,33687.3
1/29/2021,33424.5,N/A,33762.7,34920.9,32908.5
1/28/2021,33093.1,N/A,31342,34325.8,32839.8
1/27/2021,31258.1,N/A,31887.7,31602,29911.9
1/26/2021,31721.7,N/A,32027.9,32545.4,31556.2
1/25/2021,32007.5,N/A,33397.7,32820.1,31493.3
1/24/2021,33348.7,N/A,32838.3,33739.5,32205.1
1/23/2021,32659.8,N/A,32598.5,32702.9,31692.5
1/22/2021,32635.2,N/A,30933.8,32994.1,32088.2
1/21/2021,30812.8,N/A,34249.9,31380,28871.2
1/20/2021,34462.6,N/A,35261.1,35591.1,34256.8
1/19/2021,35386.8,N/A,36332.8,36384.4,34857
1/18/2021,36406.6,N/A,35132.9,37270.5,36360.3
1/17/2021,34976.6,N/A,35857.6,36195.2,34890.7
1/16/2021,35955.7,N/A,36582.2,36723.7,35592.7
1/15/2021,36549.4,N/A,38459.4,37608.6,36022.9
1/14/2021,38569.2,N/A,37485.3,39715,38354.6
1/13/2021,37370.9,N/A,33179.3,38133.2,36772.1
1/12/2021,33168.2,N/A,35278.4,34297,32451.9
1/11/2021,34771.4,N/A,35567.4,35490,33729.6
1/10/2021,35633.7,N/A,40378.2,38217.2,33688.8
1/9/2021,40390.8,N/A,40236.9,41362.4,40149.7
1/8/2021,40378.7,N/A,38721.8,40950.2,39556.7
1/7/2021,38713.3,N/A,37492.9,39701.2,36613.4
1/6/2021,37490,N/A,35320.3,37714.8,36494.1
1/5/2021,35228.7,N/A,30918.3,35739.4,33408.3
1/4/2021,31381.1,N/A,33288.9,32846.9,30460.5
1/3/2021,33328.7,N/A,33238.9,33587.5,32453.1
1/2/2021,32861.6,N/A,29382.6,32884.7,32029.6
1/1/2021,29400.6,N/A,29245,29496.7,29008
12/31/2020,29238.8,N/A,29024.8,29482.3,28724.3
12/30/2020,28940.6,N/A,27903.6,29298.8,28334.2
12/29/2020,27838.5,N/A,26443.7,28192.6,27377
12/28/2020,26381.2,N/A,26847.4,27089.4,26205.1
12/27/2020,26946.1,N/A,26715.1,27331.6,26144.3
12/26/2020,26710.9,N/A,24811.2,26937.5,26438.4
12/25/2020,24911.2,N/A,23603.6,25011,24515.1
12/24/2020,23577.7,N/A,23023.4,23814.1,23445.3
12/23/2020,22977.4,N/A,23470,23253.2,22737.3
12/22/2020,23516.6,N/A,22948.2,24028.9,23500.7
12/21/2020,22954.2,N/A,23912.5,23060.8,22481
12/20/2020,23901.2,N/A,23410,24101.9,23321.1
12/19/2020,23300.3,N/A,23047.1,23843.6,23098.9
12/18/2020,23083.2,N/A,22867.7,23229.1,22923.1
12/17/2020,22947.3,N/A,21786.2,23241.3,22493.9
12/16/2020,21837.6,N/A,19335,22148.4,21243.1
12/15/2020,19381.2,N/A,19484.8,19491.7,19299.7
12/14/2020,19309.3,N/A,19265.1,19556.3,19250.3
12/13/2020,19083,N/A,18790.9,19326.2,19007
12/12/2020,18867.2,N/A,18277.1,18883.6,18716.8
12/11/2020,18384,N/A,17962.6,18390.1,18025.1
12/10/2020,17984,N/A,18400.6,18288.3,17733.8
12/9/2020,18455.5,N/A,18153.8,18551.8,18339.6
12/8/2020,18217.9,N/A,19182.5,18371.5,18053
12/7/2020,19178.5,N/A,19290,19236,19141.1
12/6/2020,19288.8,N/A,19191.3,19424.6,19166.9
12/5/2020,19203.7,N/A,18816.8,19340.1,19141
12/4/2020,18884.1,N/A,19170.8,18921.3,18507.1
12/3/2020,19288.2,N/A,19040.9,19529.5,19140.2
12/2/2020,19065.4,N/A,18519.1,19295,18954.6
12/1/2020,18507.3,N/A,19380.4,18954.5,18346.7
11/30/2020,19466.8,N/A,18535,19717.6,19366.8
11/29/2020,18511.3,N/A,17771.7,18616.7,18186
11/28/2020,17791.7,N/A,16969.4,17864,17530.4
11/27/2020,16938.7,N/A,17070.3,17191.5,16915.9
11/26/2020,17071.3,N/A,17757.1,17450.3,17037.8
11/25/2020,17777.1,N/A,18690.9,18894.9,17279.7
11/24/2020,18779.6,N/A,18448.2,19216.6,18769.4
11/23/2020,18423.7,N/A,18461.3,18527.7,18230
11/22/2020,18453.4,N/A,18593.9,18516.7,18016
11/21/2020,18582.4,N/A,18583.1,18751.5,18367.6
11/20/2020,18614.6,N/A,18195,18966,18467.5
11/19/2020,18180,N/A,17847.3,18225.4,17758.4
11/18/2020,17843.5,N/A,18377.9,18054.8,17594.6
11/17/2020,18376.8,N/A,16672.6,18393.2,17613.2
11/16/2020,16648.2,N/A,16032.5,16825.9,16562
11/15/2020,16004.3,N/A,15937.4,16042.1,15870.7
11/14/2020,15924.2,N/A,16149.6,16102.3,15879.5
11/13/2020,16116.8,N/A,16405.1,16328.2,16111.2
11/12/2020,16395.1,N/A,15666.2,16474.1,16270.7
11/11/2020,15659.1,N/A,15372.5,15712.1,15483.5
11/10/2020,15385.2,N/A,15385.1,15497.5,15281
11/9/2020,15396.9,N/A,15385.7,15431.2,15192.7
11/8/2020,15395.6,N/A,14967.7,15598.4,15364.2
11/7/2020,15030.2,N/A,15556.5,15106.5,14720.7
11/6/2020,15498.7,N/A,15463.3,15754.4,15471.1
11/5/2020,15548.2,N/A,14293.3,15955.2,15433
11/4/2020,14292.5,N/A,13908.9,14358.6,14099.7
11/3/2020,13897.3,N/A,13419.7,14034.5,13704.8
11/2/2020,13419,N/A,13698.9,13640.2,13321.2
11/1/2020,13666.5,N/A,13677.2,13828.4,13655
10/31/2020,13659,N/A,13491.7,13889.5,13659
10/30/2020,13471.3,N/A,13434,13731.5,13441.7
10/29/2020,13452.7,N/A,13280.8,13655.7,13363.1
10/28/2020,13266.6,N/A,13785,13308.6,13180.8
10/27/2020,13799.5,N/A,13082.2,13851.7,13637.3
10/26/2020,13090,N/A,13100.9,13125.2,13050.3
10/25/2020,13101.3,N/A,13298.6,13129.3,12982.5
10/24/2020,13303.9,N/A,12972,13343.9,13077.8
10/23/2020,12982.1,N/A,12966.3,13013.7,12876.4
10/22/2020,12958.2,N/A,12726,13005.1,12842.7
10/21/2020,12770.2,N/A,12187.8,12928.1,12718.1
10/20/2020,12195.9,N/A,11743.2,12232.6,11894.6
10/19/2020,11756.5,N/A,11421.2,11760.8,11685.7
10/18/2020,11430.9,N/A,11370.6,11529.8,11427.2
10/17/2020,11372.3,N/A,11365.6,11399.5,11349.8
10/16/2020,11355.2,N/A,11508.9,11358,11274.4
10/15/2020,11499,N/A,11377.5,11542.2,11474.9
10/14/2020,11376.5,N/A,11392.8,11426.4,11361.7
10/13/2020,11442.7,N/A,11457.4,11485.6,11413.8
10/12/2020,11469.1,N/A,11386.4,11540.4,11436.9
10/11/2020,11395.5,N/A,11333,11408.8,11348.5
10/10/2020,11327.2,N/A,11410.8,11394.5,11277.6
10/9/2020,11419.8,N/A,10889.9,11475,11053.5
10/8/2020,10896.3,N/A,10642.5,10939.1,10868.4
10/7/2020,10645.4,N/A,10577.1,10672.1,10619.9
10/6/2020,10588.9,N/A,10766.7,10604.3,10553.3
10/5/2020,10778.5,N/A,10667.2,10800.3,10743.2
10/4/2020,10684.2,N/A,10547.2,10729.9,10659.4
10/3/2020,10545.4,N/A,10556.6,10560.3,10520.8
10/2/2020,10552.7,N/A,10646.8,10576.8,10523.4
10/1/2020,10613.6,N/A,10798.4,10627.6,10585.9
9/30/2020,10801.9,N/A,10747.7,10855.5,10776.6
9/29/2020,10768.5,N/A,10688.6,10847.7,10757.2
9/28/2020,10697.8,N/A,10908.7,10728.5,10667.8
9/27/2020,10895.8,N/A,10779.4,10946.6,10776.4
9/26/2020,10778.7,N/A,10710.3,10799.2,10722.4
9/25/2020,10706.4,N/A,10710.7,10745.6,10650.2
9/24/2020,10685.4,N/A,10299.5,10753.5,10685.4
9/23/2020,10300.2,N/A,10515.5,10336.1,10201
9/22/2020,10485.9,N/A,10445.5,10535,10485.4
9/21/2020,10450.9,N/A,10963.6,10488.6,10374.4
9/20/2020,10957.9,N/A,10950.7,10977,10895.7
9/19/2020,10950.5,N/A,10977.6,11081.6,10908.5
9/18/2020,10960,N/A,10927.1,10977.8,10933.1
9/17/2020,10938.2,N/A,10873.6,10956.3,10890.8
9/16/2020,10887.4,N/A,10780.9,11039.3,10885.8
9/15/2020,10762.2,N/A,10752,10790.1,10669.2
9/14/2020,10739.2,N/A,10352.1,10832.3,10652.9
9/13/2020,10353,N/A,10551.7,10369.3,10264.5
9/12/2020,10546.3,N/A,10344.1,10556.3,10411.2
9/11/2020,10351.7,N/A,10218.4,10393.5,10326
9/10/2020,10222.9,N/A,10377.4,10377.5,10212.6
9/9/2020,10365.6,N/A,10028.2,10408.9,10219.2
9/8/2020,10000.4,N/A,10305.4,10149,9984.6
9/7/2020,10305.7,N/A,10205.3,10434.4,10305.5
9/6/2020,10195.3,N/A,10169.2,10296.4,10193.9
9/5/2020,10169.7,N/A,10411.5,10239.9,10067.4
9/4/2020,10432.4,N/A,10249,10558.7,10392.3
9/3/2020,10249.6,N/A,11375.5,10329.9,10098.1
9/2/2020,11375.1,N/A,11830.2,11437.4,11359
9/1/2020,11844.4,N/A,11682.8,11947.5,11821.6
8/31/2020,11674.8,N/A,11669.1,11692,11544.6
8/30/2020,11668.4,N/A,11603,11712.2,11659.3
8/29/2020,11600.8,N/A,11502,11623.6,11462.6
8/28/2020,11496.2,N/A,11379.3,11539.8,11468.2
8/27/2020,11368,N/A,11390.2,11396.1,11281.9
8/26/2020,11401.6,N/A,11365.2,11479.7,11367.4
8/25/2020,11350.2,N/A,11673.4,11401,11256.8
8/24/2020,11690.4,N/A,11675.2,11766.9,11661.1
8/23/2020,11666.8,N/A,11596.5,11681.1,11587.1
8/22/2020,11591.8,N/A,11476.6,11680.5,11583.3
8/21/2020,11468.1,N/A,11867.5,11536.9,11382.1
8/20/2020,11847.5,N/A,11697,11877.4,11783.6
8/19/2020,11718,N/A,11834.5,11822.2,11703.4
8/18/2020,11855.9,N/A,12298.3,12013.2,11844.8
8/17/2020,12283,N/A,11838,12381.4,12273.5
8/16/2020,11857.3,N/A,11917.5,11919.7,11764
8/15/2020,11904.6,N/A,11876,11909.7,11782.7
8/14/2020,11865.4,N/A,11720.7,11962.9,11750.7
8/13/2020,11735.7,N/A,11573.4,11820.3,11668.5
8/12/2020,11575.9,N/A,11370.5,11652.1,11536.3
8/11/2020,11354.3,N/A,11831.1,11408.8,11233.3
8/10/2020,11823.1,N/A,11998.9,11931.8,11819
8/9/2020,12008.2,N/A,11735.5,12041.1,11681.1
8/8/2020,11743.6,N/A,11550.1,11792.8,11669.7
8/7/2020,11549.1,N/A,11827.6,11650.4,11537.6
8/6/2020,11850.5,N/A,11651.1,11901.8,11740
8/5/2020,11653.3,N/A,11233.6,11790.2,11606.3
8/4/2020,11221.5,N/A,11259.8,11228.3,11114.5
8/3/2020,11254.1,N/A,11132.5,11407.8,11222.2
8/2/2020,11157.1,N/A,11968.2,11202.7,10981.6
8/1/2020,11941.5,N/A,11360.7,11943.4,11754.8
7/31/2020,11387.8,N/A,10972.3,11394.3,11226.1
7/30/2020,10980.8,N/A,10987.6,11124.4,10964.6
7/29/2020,10999,N/A,10970.9,11114.4,10959.9
7/28/2020,10956.7,N/A,10964.8,10989.8,10771.8
7/27/2020,10935.6,N/A,10196,11229.1,10854.2
7/26/2020,10192,N/A,9666.2,10211.2,9894.6
7/25/2020,9666.3,N/A,9582.9,9690.7,9645.9
7/24/2020,9589,N/A,9559.9,9612.7,9536.2
7/23/2020,9560,N/A,9489.5,9599.8,9545
7/22/2020,9488.8,N/A,9360.7,9522.9,9470.7
7/21/2020,9361.9,N/A,9179.7,9389,9353.7
7/20/2020,9178.4,N/A,9190.7,9194.6,9155.1
7/19/2020,9188.5,N/A,9156.1,9218.4,9177
7/18/2020,9157,N/A,9138.1,9179.7,9144.6
7/17/2020,9139.4,N/A,9119.5,9167,9128.1
7/16/2020,9110.1,N/A,9202.3,9141.4,9107.6
7/15/2020,9200.1,N/A,9234.7,9224.2,9183
7/14/2020,9242.1,N/A,9219.9,9270.2,9240.2
7/13/2020,9224.1,N/A,9272.7,9245.6,9219
7/12/2020,9274.2,N/A,9271.1,9319.9,9270.1
7/11/2020,9276.5,N/A,9268,9286,9232
7/10/2020,9263.8,N/A,9224.9,9295.5,9261.6
7/9/2020,9215.5,N/A,9385.3,9239.6,9206.5
7/8/2020,9382.5,N/A,9309.3,9434.5,9361.3
7/7/2020,9300.5,N/A,9293,9319.9,9233.1
7/6/2020,9299.5,N/A,9090.1,9371.2,9266.3
7/5/2020,9088.7,N/A,9133.8,9114.1,9063.2
7/4/2020,9134.9,N/A,9084.2,9149.6,9114
7/3/2020,9086.1,N/A,9097.4,9100,9053
7/2/2020,9202,N/A,9150.6,9259.7,9179.5
7/1/2020,9233.4,N/A,9134.9,9259.7,9225.2
6/30/2020,9124.2,N/A,9166.4,9148,9101.1
6/29/2020,9171.7,N/A,9101.3,9199.8,9158.7
6/28/2020,9104.5,N/A,8971,9148.6,9097.1
6/27/2020,8970.6,N/A,9161.7,9008.2,8950.2
6/26/2020,9163.1,N/A,9245.1,9179.8,9113.9
6/25/2020,9249.4,N/A,9098.7,9296.5,9194.3
6/24/2020,9074.7,N/A,9649.9,9306,9022.6
6/23/2020,9645.9,N/A,9655.5,9663.7,9614.8
6/22/2020,9651.7,N/A,9383.5,9715.6,9609.3
6/21/2020,9378.5,N/A,9371.1,9395.2,9285.8
6/20/2020,9362,N/A,9332,9397.7,9349.1
6/19/2020,9331.8,N/A,9280.8,9350.1,9294.2
6/18/2020,9267.9,N/A,9428.9,9390.3,9249.6
6/17/2020,9436.3,N/A,9461.9,9468.8,9403.4
6/16/2020,9461.8,N/A,9558,9532.3,9423.8
6/15/2020,9549.2,N/A,9166.7,9570.7,9379.3
6/14/2020,9438.5,N/A,9419.3,9474.7,9387.5
6/13/2020,9431.5,N/A,9411.4,9474.7,9428.7
6/12/2020,9421.4,N/A,9365.1,9475.8,9415.5
6/11/2020,9381.5,N/A,9887.3,9391.3,9249.4
6/10/2020,9878.7,N/A,9753.7,9945.2,9871
6/9/2020,9754.2,N/A,9679.4,9805.8,9745
6/8/2020,9682.9,N/A,9724.4,9857.2,9616.6
6/7/2020,9718.6,N/A,9689,9770.5,9708.5
6/6/2020,9697.6,N/A,9631.3,9701.9,9637.3
6/5/2020,9616.2,N/A,9794.5,9629.3,9549.5
6/4/2020,9555,N/A,9527.4,9686.1,9537.6
6/3/2020,9681.7,N/A,9494.1,9686.1,9617.6
6/2/2020,9496,N/A,10093.9,9538.1,9483.4
6/1/2020,10080.8,N/A,9552.8,10207.3,10050.4
5/31/2020,9554.4,N/A,9533.1,9695.6,9529.8
5/30/2020,9587.2,N/A,9394.5,9695.6,9567.5
5/29/2020,9380.9,N/A,9519.9,9428.5,9352.7
5/28/2020,9525.3,N/A,9173.1,9596.5,9468.1
5/27/2020,9170.4,N/A,8831.8,9268.8,9168.8
5/26/2020,8850.5,N/A,8901.8,8891,8818.6
5/25/2020,8918.6,N/A,8786.4,8922.9,8836.6
5/24/2020,8773.7,N/A,9195.4,8817.9,8666.1
5/23/2020,9201,N/A,9284.2,9229.5,9129.7
5/22/2020,9275.5,N/A,8995.1,9303.2,9169.7
5/21/2020,8998.3,N/A,9479.3,9129.2,8983.7
5/20/2020,9477.8,N/A,9721.8,9567.1,9463.1
5/19/2020,9722.1,N/A,9537.9,9788.8,9708.4
5/18/2020,9524.6,N/A,9856.6,9737.8,9524.6
5/17/2020,9856.5,N/A,9543.2,9930.2,9678.9
5/16/2020,9559.1,N/A,9411.1,9570.4,9327.8
5/15/2020,9419.9,N/A,9483.6,9451.9,9233
5/14/2020,9497.4,N/A,9338.5,9819.6,9319.3
5/13/2020,9329.9,N/A,8908.7,9364.5,9265.8
5/12/2020,8913.3,N/A,8717,8964.7,8799.1
5/11/2020,8727.8,N/A,8697.6,8729.7,8542.8
5/10/2020,8659.3,N/A,9753,9569.4,8259.3
5/9/2020,8635.1,N/A,9868.2,9569.4,8259.3
5/8/2020,9873.7,N/A,9914.8,9910.5,9747.2
5/7/2020,9925.1,N/A,9271.8,10018.2,9845.8
5/6/2020,9263.6,N/A,8962.9,9338.2,9064.8
5/5/2020,8995.9,N/A,8855.8,9038.2,8923.6
5/4/2020,8870.5,N/A,8728.4,8920.7,8831.4
5/3/2020,8747.9,N/A,9131.1,8926.2,8665.7
5/2/2020,9137.7,N/A,8840.9,9169.9,8935
5/1/2020,8845.2,N/A,8672.4,8858.9,8775.4
4/30/2020,8673.9,N/A,9279.1,8758.1,8621
4/29/2020,9185.7,N/A,7809.1,9187.7,8717.3
4/28/2020,7801,N/A,7708.9,7822.6,7729.7
4/27/2020,7706.2,N/A,7725.3,7770.1,7674
4/26/2020,7723.7,N/A,7569.6,7768.4,7676.1
4/25/2020,7569.2,N/A,7512.2,7586.4,7527
4/24/2020,7510.2,N/A,7520.8,7516.9,7451
4/23/2020,7520.8,N/A,7113.7,7541.5,7474.3
4/22/2020,7129.2,N/A,6856.8,7169.6,7092.2
4/21/2020,6852,N/A,6858.2,6879.7,6821.8
4/20/2020,6854.9,N/A,7162.5,6907.7,6818.9
4/19/2020,7162.6,N/A,7209.5,7187.7,7086.1
4/18/2020,7209.4,N/A,7087.7,7238,7182.4
4/17/2020,7083.3,N/A,7084.6,7105.9,7031.5
4/16/2020,7076.6,N/A,6651.2,7118.5,7039.7
4/15/2020,6659.5,N/A,6907,6663.2,6520.5
4/14/2020,6902.3,N/A,6881.6,6903.2,6800.6
4/13/2020,6884.9,N/A,6678.7,6899.5,6807
4/12/2020,6684.4,N/A,6810.9,6920.1,6632.7
4/11/2020,6808.9,N/A,6900,6889.8,6805.7
4/10/2020,6901,N/A,7176.7,6915.5,6840.6
4/9/2020,7169.3,N/A,7288.6,7294.4,7166.6
4/8/2020,7281.3,N/A,7349.8,7360.7,7268.4
4/7/2020,7356.8,N/A,7323,7370.1,7153.1
4/6/2020,7304.8,N/A,6842,7440.3,7263.5
4/5/2020,6836.3,N/A,6798.4,6875.8,6770.1
4/4/2020,6804.7,N/A,6704.5,6889.4,6794.5
4/3/2020,6706.4,N/A,6785.7,6785.3,6682.6
4/2/2020,6799.3,N/A,6607.5,6830.2,6727.8
4/1/2020,6594.4,N/A,6370.5,6727,6567.9
3/31/2020,6346.7,N/A,6443.5,6425.5,6273.6
3/30/2020,6454.3,N/A,6007.6,6513.1,6385.6
3/29/2020,5998.8,N/A,6211,6022.8,5872.5
3/28/2020,6214.5,N/A,6257.4,6258.8,6185.3
3/27/2020,6122.4,N/A,6778.2,6374.3,6085.1
3/26/2020,6782,N/A,6687.3,6813.7,6727.8
3/25/2020,6726.3,N/A,6599.7,6772.9,6659.4
3/24/2020,6571.6,N/A,6588.4,6744.8,6542.3
3/23/2020,6547.6,N/A,5898.5,6643.2,6462.4
3/22/2020,5977.5,N/A,6273.3,5986.6,5710.8
3/21/2020,6349.6,N/A,6270.8,6359.5,6119
3/20/2020,6246.2,N/A,6083.7,6355.5,6080.8
3/19/2020,6095.4,N/A,5289.5,6261.9,6019.6
3/18/2020,5275,N/A,5343.4,5404.1,5256
3/17/2020,5342.1,N/A,5231.1,5362.5,5220.4
3/16/2020,5218.8,N/A,5276.5,5368.9,4946.5
3/15/2020,5267.4,N/A,5184.3,5369.3,5213.4
3/14/2020,5184.5,N/A,5572.2,5277.5,5120.6
3/13/2020,5584.1,N/A,5175.7,5634.9,5343.2
3/12/2020,5105.3,N/A,7666.1,5499,3869.5
3/11/2020,7653.3,N/A,7931.1,7963.1,7605.8
3/10/2020,7926.2,N/A,7906.4,7964.9,7872.8
3/9/2020,7911.4,N/A,8066.2,7966.1,7859.2
3/8/2020,8052.9,N/A,8749.2,8158.8,8007.4
3/7/2020,8738.9,N/A,9074.4,8888,8712.7
3/6/2020,9077.1,N/A,9048.7,9141.5,9064.5
3/5/2020,9050.1,N/A,8888.7,9079.4,9004.9
3/4/2020,8745.4,N/A,8799.2,8840.3,8702.7
3/3/2020,8813.5,N/A,8840.6,8830,8731.5
3/2/2020,8840.3,N/A,8640.2,8911.7,8798
3/1/2020,8634.3,N/A,8582.9,8648,8503.1
2/29/2020,8592.1,N/A,8745.8,8665.6,8532.6
2/28/2020,8747.9,N/A,8834.5,8766.9,8668.5
2/27/2020,8853.6,N/A,8711.6,8898.7,8789.8
2/26/2020,8705.3,N/A,9182.7,8804.3,8538.5
2/25/2020,9177.8,N/A,9587.9,9368.1,9125.6
2/24/2020,9592.1,N/A,9768.7,9672.3,9566.7
2/23/2020,9754.5,N/A,9844,9981,9663.3
2/22/2020,9839.7,N/A,9630.3,9896.9,9653.4
2/21/2020,9626.9,N/A,9692.5,9706.5,9625
2/20/2020,9688,N/A,9596.6,9729.7,9574.5
2/19/2020,9578.4,N/A,10111.7,9653.6,9525.4
2/18/2020,10113.9,N/A,9800.9,10177.9,10091.5
2/17/2020,9640.9,N/A,9918.3,9951.5,9589.9
2/16/2020,9748.9,N/A,10022.9,9951.5,9716.8
2/15/2020,10009.8,N/A,10261.4,10056.4,9861.8
2/14/2020,10275.1,N/A,10224,10369.8,10223.6
2/13/2020,10232.4,N/A,10396.4,10289.8,10183.1
2/12/2020,10391.1,N/A,10273.7,10425.9,10305.1
2/11/2020,10292.6,N/A,9748.8,10312.1,10230.1
2/10/2020,9733.4,N/A,10058.1,9860.4,9725.1
2/9/2020,10064,N/A,10090.6,10181.7,10039.8
2/8/2020,10092.9,N/A,9758.8,10115.4,9882.7
2/7/2020,9763.2,N/A,9794.9,9826,9673.2
2/6/2020,9807,N/A,9642.8,9849.3,9749.1
2/5/2020,9629.3,N/A,9237.3,9649.4,9536.1
2/4/2020,9236.7,N/A,9270.5,9237.3,9179.9
2/3/2020,9274.2,N/A,9390.4,9347.5,9262.8
2/2/2020,9393.5,N/A,9317.4,9582.8,9301.6
2/1/2020,9317.5,N/A,9401.5,9383.4,9183.1
1/31/2020,9411.6,N/A,9414.6,9458.8,9342.9
1/30/2020,9412.1,N/A,9326.6,9525,9405.6
1/29/2020,9330,N/A,9331.2,9355.1,9209.2
1/28/2020,9332.6,N/A,9053.7,9403.9,9283.5
1/27/2020,9078.2,N/A,8639.7,9126.4,8866.6
1/26/2020,8633.1,N/A,8368,8692.5,8608.1
1/25/2020,8363,N/A,8315.9,8377.2,8304.9
1/24/2020,8309.3,N/A,8308.5,8447.6,8277.2
1/23/2020,8305.9,N/A,8588.9,8415.5,8286.5
1/22/2020,8584.7,N/A,8738.1,8687.3,8576.8
1/21/2020,8730.7,N/A,8671.7,8751.7,8699.4
1/20/2020,8680.7,N/A,8650.4,8692.1,8621.2
1/19/2020,8662.4,N/A,9140.3,8733.3,8645.2
1/18/2020,9138.5,N/A,8845.9,9183.7,8893
1/17/2020,8860.9,N/A,8808.3,8982.3,8832.3
1/16/2020,8800.9,N/A,8652.1,8829.1,8675.9
1/15/2020,8659.6,N/A,8625.9,8850,8605.8
1/14/2020,8662.6,N/A,8525.2,8891.7,8632.3
1/13/2020,8547.2,N/A,8126.7,8562.1,8112.1
1/12/2020,8130.8,N/A,8074.1,8196.7,8099.4
1/11/2020,8075.1,N/A,8120.3,8110.4,7973.1
1/10/2020,8126,N/A,7817.1,8242.3,8107.9
1/9/2020,7813.9,N/A,7969.5,7871.4,7792.9
1/8/2020,7964.8,N/A,8353.5,8065.9,7932.8
1/7/2020,8332,N/A,7844.3,8436.4,8150.2
1/6/2020,7834.6,N/A,7539.3,7979.3,7758.9
1/5/2020,7547.3,N/A,7466.9,7583,7366.7
1/4/2020,7473.4,N/A,7340.8,7501,7376.7
1/3/2020,7340.5,N/A,7200.6,7354.5,7291.4
1/2/2020,7192,N/A,7145.5,7220.8,6884.1
1/1/2020,7144.6,N/A,7219,7209.6,7121.1
12/31/2019,7222,N/A,7253.4,7239.7,7180
12/30/2019,7257.9,N/A,7396.2,7284,7228.1
12/29/2019,7389,N/A,7349.6,7398,7329.9
12/28/2019,7350.2,N/A,7310.2,7356.8,7303
12/27/2019,7262.8,N/A,7354.5,7293.8,7128.5
12/26/2019,7210.2,N/A,7199.8,7247,7197.2
12/25/2019,7199.3,N/A,7256.6,7238,7197.4
12/24/2019,7259.6,N/A,7335,7542.4,7231.7
12/23/2019,7335.6,N/A,7561.2,7348.4,7290.7
12/22/2019,7569.3,N/A,7154.4,7624,7496.2
12/21/2019,7157,N/A,7160.8,7168.9,7143.1
12/20/2019,7161.9,N/A,7152.5,7197.6,7158.5
12/19/2019,7150.4,N/A,7158.5,7178.7,7107.7
12/18/2019,7156.5,N/A,6676.1,7354,7153.8
12/17/2019,6672.5,N/A,6903.8,6711.2,6597.6
12/16/2019,6903.3,N/A,7072.2,6922.9,6879.2
12/15/2019,7071.5,N/A,7071.8,7139.8,7057.8
12/14/2019,7075.2,N/A,7257.3,7089.9,7033.8
12/13/2019,7259.3,N/A,7235.1,7265.8,7235.7
12/12/2019,7242.9,N/A,7169.1,7251.9,7208.2
12/11/2019,7167.7,N/A,7230.6,7272.4,7124.6
12/10/2019,7236.4,N/A,7387.4,7277,7210.6
12/9/2019,7394.6,N/A,7506.8,7400.3,7333.9
12/8/2019,7512.3,N/A,7451.2,7553.5,7474.8
12/7/2019,7445.8,N/A,7563.5,7517,7416.7
12/6/2019,7567.2,N/A,7407,7595.7,7508.4
12/5/2019,7397.5,N/A,7213,7435.4,7347.4
12/4/2019,7221.4,N/A,7157.5,7340.7,7184
12/3/2019,7162.3,N/A,7303.4,7292.2,7129.9
12/2/2019,7299.3,N/A,7384.8,7389.4,7287.2
12/1/2019,7361,N/A,7340.8,7433.8,7333.9
11/30/2019,7341.6,N/A,7750.8,7546.5,7261
11/29/2019,7745.6,N/A,7471,7784,7729.9
11/28/2019,7480,N/A,7484.7,7507.9,7412.3
11/27/2019,7490.6,N/A,7099.4,7567.1,7479.1
11/26/2019,7111.6,N/A,7184.1,7183.8,7081.1
11/25/2019,7158,N/A,6743.3,7187.8,7083.1
11/24/2019,6763,N/A,7262,6955.3,6673.5
11/23/2019,7244.8,N/A,7250.7,7344.1,7242.8
11/22/2019,7238.9,N/A,7648.8,7281.1,7156.7
11/21/2019,7635.2,N/A,8118.6,7688.4,7619.2
11/20/2019,8114.1,N/A,8157.1,8126,8086.6
11/19/2019,8135.5,N/A,8247.4,8245.6,8032.8
11/18/2019,8206.8,N/A,8464.5,8245.6,8197.3
11/17/2019,8457.7,N/A,8493.6,8512.9,8437.6
11/16/2019,8499.5,N/A,8488.9,8521.1,8491.1
11/15/2019,8470.2,N/A,8569.3,8492.1,8450.7
11/14/2019,8574.6,N/A,8754.2,8668,8538.7
11/13/2019,8758.9,N/A,8754.4,8799.8,8748.4
11/12/2019,8761.7,N/A,8742,8829.7,8757.4
11/11/2019,8763.2,N/A,9054,8769.9,8720.8
11/10/2019,9037.4,N/A,8777.6,9066.4,9028.6
11/9/2019,8770.7,N/A,8824.4,8804.7,8768.5
11/8/2019,8834.5,N/A,9238.7,8840.3,8748.5
11/7/2019,9248.5,N/A,9304.1,9250.1,9194.4
11/6/2019,9293.7,N/A,9310.7,9367,9285
11/5/2019,9319.6,N/A,9431.5,9336.6,9279.2
11/4/2019,9421.2,N/A,9164.2,9452.7,9349.5
11/3/2019,9174,N/A,9357.7,9208.5,9148
11/2/2019,9316.3,N/A,9243.6,9332.3,9300.1
11/1/2019,9244.8,N/A,9099.3,9270.1,9217.9
10/31/2019,9124,N/A,9143.9,9154.1,9113
10/30/2019,9116.4,N/A,9382.8,9202.5,9066.1
10/29/2019,9359.7,N/A,9285.9,9411.3,9288.8
10/28/2019,9284.8,N/A,9690.5,9304.3,9203.6
10/27/2019,9710,N/A,9161.7,9866.9,9530.1
10/26/2019,9129.9,N/A,10093,9359.6,9114.5
10/25/2019,8575.9,N/A,7444.2,8888.9,8565
10/24/2019,7443.9,N/A,7450.5,7448.8,7423
10/23/2019,7447.1,N/A,8039.7,7501.5,7432.3
10/22/2019,8031.1,N/A,8173.5,8055,8011.2
10/21/2019,8190,N/A,8204.6,8207.8,8174.7
10/20/2019,8217.2,N/A,7910.5,8232.6,8191.9
10/19/2019,7917.6,N/A,7921.9,7959,7898.9
10/18/2019,7906.3,N/A,8109.7,7952.6,7903.3
10/17/2019,8109.1,N/A,7968.6,8109.1,8056.4
10/16/2019,7976.1,N/A,8178.8,8002,7967.3
10/15/2019,8170,N/A,8332.3,8185.9,8153.7
10/14/2019,8331.9,N/A,8291.1,8400.2,8319.6
10/13/2019,8298.4,N/A,8341.8,8307.7,8251.8
10/12/2019,8350.4,N/A,8314.3,8365,8289.1
10/11/2019,8304.3,N/A,8515.6,8330.6,8260.9
10/10/2019,8512.2,N/A,8534.3,8573.6,8488.1
10/9/2019,8528.9,N/A,8169.2,8591.5,8524.5
10/8/2019,8166.4,N/A,8280.6,8205.6,8159.6
10/7/2019,8282.3,N/A,7834.5,8287.6,8198.5
10/6/2019,7965.4,N/A,8140.4,8145.5,7944.2
10/5/2019,8064.4,N/A,8141.7,8145.5,8031.4
10/4/2019,8121.6,N/A,8129.6,8160.3,8116.6
10/3/2019,8131.8,N/A,8347.2,8233.6,8079.3
10/2/2019,8341.7,N/A,8289.4,8391.7,8315.4
10/1/2019,8293.4,N/A,8269.6,8330,8277.5
9/30/2019,8275.9,N/A,8022.2,8293.1,8187.9
9/29/2019,7995,N/A,8178.3,8060,7978.6
9/28/2019,8165.8,N/A,8170.8,8226.8,8164.7
9/27/2019,8151.5,N/A,7996,8213.9,8129
9/26/2019,7970.9,N/A,8385.5,8091.3,7957.2
9/25/2019,8364.4,N/A,8695.5,8443.3,8355.6
9/24/2019,8682.6,N/A,9734.5,8729.8,8510.2
9/23/2019,9720.3,N/A,9974.5,9787.6,9630.4
9/22/2019,9992.3,N/A,9916,10048.8,9968.3
9/21/2019,9908.8,N/A,10155.9,10008,9885.3
9/20/2019,10163.7,N/A,10204,10177.9,10147.6
9/19/2019,10235.3,N/A,10181.1,10279.5,10217.6
9/18/2019,10139.6,N/A,10248.4,10187.4,10118
9/17/2019,10226.5,N/A,10217,10230.7,10191.6
9/16/2019,10233.8,N/A,10346,10261.2,10198.4
9/15/2019,10348.6,N/A,10325.4,10360.5,10309
9/14/2019,10319,N/A,10305.9,10360.4,10312.2
9/13/2019,10303.3,N/A,10337.4,10355,10299.1
9/12/2019,10372.2,N/A,10132.4,10441.4,10336.7
9/11/2019,10109.6,N/A,10076.4,10200.7,10107
9/10/2019,10080.7,N/A,10334.3,10257.5,10075.1
9/9/2019,10408.1,N/A,10392.9,10478,10095.7
9/8/2019,10361.1,N/A,10485.9,10411.9,10360.5
9/7/2019,10487.1,N/A,10335.5,10515.1,10461.6
9/6/2019,10363.7,N/A,10643.7,10379.4,10302.3
9/5/2019,10586,N/A,10533.7,10596.9,10557.8
9/4/2019,10512.6,N/A,10532.2,10571.1,10497.4
8/16/2019,10416.8,N/A,10042,10530.9,9788.6
8/15/2019,10376,N/A,10040.1,10413.8,10253.9
8/14/2019,10013.8,N/A,10612.1,10195.2,10013.8
8/13/2019,10640.9,N/A,11406.1,10894.5,10554.4
8/11/2019,11354.6,N/A,11583,11728.4,11146.1
8/10/2019,11391,N/A,12117.7,11445,11300.6
8/6/2019,11786.2,N/A,11628.9,12291.9,11588.7
8/5/2019,11601.4,N/A,11410.6,11830.2,11588.7
8/4/2019,11389.1,N/A,10850.7,11443.7,10935.5
8/3/2019,10845.5,N/A,10641,10889,10810.1
8/2/2019,10775.8,N/A,10381.7,10785.3,10504.5
8/1/2019,10385.5,N/A,10024.7,10439.9,10331.9
7/31/2019,10010.7,N/A,9692.7,10145,9993.1
7/30/2019,9678.3,N/A,9504.1,9703.9,9562.4
7/29/2019,9544.6,N/A,9802.1,9607.5,9544.6
7/28/2019,9774.8,N/A,9513.1,9835.4,9697
7/27/2019,9485.7,N/A,10142.1,9499.3,9401.1
7/26/2019,10156.1,N/A,9777.3,10232.3,9818.2
7/25/2019,9756.4,N/A,10103.2,9947.4,9732.8
7/24/2019,10127,N/A,9704.9,10203.3,9776.6
7/23/2019,9647.7,N/A,10306.2,9888.9,9628.2
7/22/2019,10326.5,N/A,10722.2,10414.6,10294.8
7/21/2019,10727.8,N/A,10866,10806.3,10693.7
7/20/2019,10754.4,N/A,10588.4,10883.8,10746.9
7/19/2019,10544.6,N/A,10578.8,10650.4,10462
7/18/2019,10594.8,N/A,9824.1,10721.9,10590.3
7/17/2019,9777.4,N/A,9460.3,9858.7,9617.8
7/16/2019,9283.5,N/A,10918.3,9613.6,9252.9
7/15/2019,10792.9,N/A,10100.4,11019.5,10772.3
7/14/2019,10036.4,N/A,11389.5,10201.9,9885.4
7/13/2019,11374.2,N/A,11670.7,11448.7,11274.6
7/12/2019,11686.5,N/A,11381.9,11798.4,11624.6
7/11/2019,11368.1,N/A,11966.2,11519.8,11224.6
7/10/2019,11924.8,N/A,13016.1,12111.3,11810.9
7/9/2019,13025,N/A,12497.9,13026.8,12523.2
7/8/2019,12622.1,N/A,11408,12660,12187.4
7/7/2019,11384.4,N/A,11231.9,11456.5,11352.6
7/6/2019,11167.4,N/A,11323.7,11266.8,11155.7
7/5/2019,11332.7,N/A,11133.3,11378.1,10967.9
7/4/2019,11226,N/A,11805.3,11277,11045.7
7/3/2019,11829.6,N/A,11339.5,11948,11721.4
7/2/2019,11268.4,N/A,10274.7,11422.4,10836.4
7/1/2019,10327,N/A,11055.3,10685.5,10225.9
6/30/2019,11074.2,N/A,12071.6,11146.9,10728.1
6/29/2019,12063.6,N/A,11955.6,12140.1,11906
6/28/2019,11701.5,N/A,11166.8,12422.9,11673.1
6/27/2019,11317.6,N/A,12888.8,11718.4,11199.8
6/26/2019,12785.1,N/A,11914.6,13422,12543.1
6/25/2019,11848.4,N/A,11143.3,11985.3,11747.3
6/24/2019,11109,N/A,10700,11116.8,11033.7
6/23/2019,10744.4,N/A,10879,10897.3,10630.9
6/22/2019,10834.9,N/A,10469,10947.1,10703.9
6/21/2019,10734.3,N/A,9715.4,10734.3,10031.3
6/20/2019,9736.7,N/A,9318.5,9785.1,9517.4
6/19/2019,9245,N/A,9138,9275.9,9228.7
6/18/2019,9136.9,N/A,9234,9169.1,9044
6/17/2019,9311.2,N/A,9112.2,9336.1,9236.1
6/16/2019,9111.9,N/A,8919.3,9175,8960.1
6/15/2019,8955.3,N/A,8584.4,8955.5,8771.1
6/14/2019,8628.5,N/A,8180,8668.3,8582.3
6/13/2019,8177.4,N/A,8104.7,8240.5,8153.2
6/12/2019,8093.7,N/A,7832.7,8145.3,8085.5
6/11/2019,7837.3,N/A,7940.9,7894.6,7805.8
6/10/2019,7940.8,N/A,7619.2,8010.4,7928.5
6/9/2019,7636.8,N/A,7847.8,7658.4,7523.6
6/8/2019,7878.4,N/A,8036.7,7937.5,7851.3
6/7/2019,7969.2,N/A,7774.4,8044.4,7962.3
6/6/2019,7778.1,N/A,7831.5,7813.7,7752.9
6/5/2019,7825,N/A,7759.7,7848.7,7751.1
