Date,Adj Close,Volume,Open,High,Low
6/5/2024,145.79,5373456,145.3,145.945,144.49
6/4/2024,145.13,6964248,144.58,145.53,144.04
6/3/2024,144.71,10298310,143.6,145.135,143.35
5/31/2024,143.7,7945890,142.08,143.775,141.91
5/30/2024,141.63,7395616,140.99,142.14,140.675
5/29/2024,141.56,6838269,141.45,141.73,140.95
5/28/2024,142.67,8375071,144.1,144.1,142.07
5/24/2024,144.42,3949525,145.1,145.33,144.33
5/23/2024,144.91,5155939,146.27,146.2801,144.805
5/22/2024,146.51,6831234,145.86,146.945,145.77
5/21/2024,146.25,4048888,146.26,146.88,145.88
5/20/2024,146,3890023,146.16,146.3551,145.69
5/17/2024,146.31,7071646,146,146.34,145.44
5/16/2024,146.03,6741009,145.89,146.44,145.62
5/15/2024,146.2,8433670,144.7,146.36,144.64
5/14/2024,144.06,6198799,143.65,144.13,143.11
5/13/2024,143.45,5351464,143.88,144.01,143.19
5/10/2024,143.59,6325067,143.49,144.09,143.39
5/9/2024,143.3,6821786,142.25,143.38,142.23
5/8/2024,142.08,5461097,142.86,142.88,141.9
5/7/2024,142.57,7720646,141.72,142.695,141.7
5/6/2024,141.4,5605118,140.95,141.435,140.64
5/3/2024,140.83,8539319,141.09,141.23,140.1
5/2/2024,140.48,8425562,141.34,141.44,139.72
5/1/2024,140.58,10710290,139.71,141.84,139.55
4/30/2024,140.33,9677720,140.9,141.2,140.23
4/29/2024,140.43,6388634,140.13,140.83,139.73
4/26/2024,139.96,6013758,139.4,140.33,139.3
4/25/2024,139.92,9693507,140.77,141,139.2
4/24/2024,140.86,7378594,140.99,141.15,140.215
4/23/2024,141.3,8615525,140.82,141.56,140.18
4/22/2024,139.48,8531342,139.38,140.59,138.93
4/19/2024,138.95,9668387,139.15,139.34,138.445
4/18/2024,138.43,8105813,138.53,139.25,138.21
4/17/2024,138.44,8480148,139.49,139.62,138.215
4/16/2024,138.68,10170540,139.83,139.83,138.585
4/15/2024,138.63,10383740,140.12,140.63,138.41
4/12/2024,138.91,13799440,140.28,140.29,138.46
4/11/2024,141.01,8153938,142.02,142.05,140.595
4/10/2024,141.59,13052730,141.84,142.24,141.1
4/9/2024,143.27,10534540,143.07,143.355,142.28
4/8/2024,142.76,9128151,143.11,143.11,142.54
4/5/2024,143.22,9073220,141.725,143.685,141.61
4/4/2024,141.95,12685710,144.93,145.02,141.87
4/3/2024,144.03,8453547,144.44,145.09,143.685
4/2/2024,144.19,10776350,144.49,144.65,143.435
4/1/2024,146.47,7378313,147.64,147.73,145.935
3/28/2024,147.73,8090182,147.92,148.2317,147.675
3/27/2024,147.71,8797533,147.01,147.71,146.62
3/26/2024,145.77,6942438,145.53,145.94,145.14
3/25/2024,145.24,5252964,145.705,145.86,145.011
3/22/2024,145.44,5537224,145.85,146.22,145.265
3/21/2024,145.64,8865259,145.75,146.17,145.34
3/20/2024,145.45,8268171,145.43,145.5,144.635
3/19/2024,145.78,5240260,144.94,145.87,144.52
3/18/2024,144.82,6407158,145.43,145.57,144.72
3/15/2024,145.36,10570480,145.02,145.66,144.845
3/14/2024,145.94,9605786,146.55,146.66,145.125
3/13/2024,146.46,7874171,147.59,147.7,145.89
3/12/2024,147.03,7143931,146.45,147.39,145.96
3/11/2024,146.35,7724013,146.1,146.61,145.295
3/8/2024,146.43,7802515,146.56,147.25,146.17
3/7/2024,146.7,6438276,146.38,147.05,146.175
3/6/2024,146.02,8085410,145.3,146.56,145.3
3/5/2024,145.03,9743609,146.17,146.41,144.55
3/4/2024,146.12,10657870,145.92,146.68,145.77
3/1/2024,146.34,8741586,145.15,146.439,144.51
2/29/2024,144.82,9435636,146,146.24,144.72
2/28/2024,146.01,8038813,146.12,146.28,145.32
2/27/2024,146.74,7374135,146.38,147.186,146.035
2/26/2024,147.1,7248352,147.77,148.11,146.965
2/23/2024,147.86,9194718,147.66,148.2701,147.34
2/22/2024,147.16,9130025,145.64,147.4301,145.33
2/21/2024,145.45,7213773,144.66,145.49,144.24
2/20/2024,145.13,9120550,145.73,146.19,144.765
2/16/2024,145.62,8424290,145.34,146.605,144.82
2/15/2024,145.15,9294805,144.2,145.43,143.99
2/14/2024,144.1,9701053,143.35,144.15,143.075
2/13/2024,142.86,11170140,143.47,144.47,142.15
2/12/2024,144.2,6645456,143.82,144.2354,143.14
2/9/2024,144.01,7447802,144.06,144.29,143.545
2/8/2024,144.12,6672616,144.23,144.23,143.465
2/7/2024,144.37,7884600,144.34,145.03,144.07
2/6/2024,143.98,10159040,143.54,144.0854,142.825
2/5/2024,142.43,9631688,142.5,143.31,141.78
2/2/2024,141.99,10629350,142.15,142.645,141.27
2/1/2024,142.2,8503745,140.55,142.2,139.87
1/31/2024,140.38,10223100,141.64,141.75,140.35
1/30/2024,140.57,5940340,140.48,140.82,139.805
1/29/2024,140.25,6229620,139.4,140.26,139.31
1/26/2024,139.27,5759212,139.44,139.56,138.92
1/25/2024,138.48,10050190,138.2,138.51,137.21
1/24/2024,138.69,9104974,140.34,140.675,138.67
1/23/2024,139.97,6407411,139.89,140.06,138.965
1/22/2024,140.07,7831379,139.58,140.44,139.23
1/19/2024,139.46,8842008,139.46,139.82,138.69
1/18/2024,139.38,8929332,138.2,139.515,137.52
1/17/2024,139.4,8337301,139.45,140.09,139.01
1/16/2024,139.68,7426944,140.17,140.36,139.46
1/12/2024,140.52,8026508,140.48,141.16,140.05
1/11/2024,140.87,7182331,140.79,141.025,140
1/10/2024,140.97,9773320,140.41,141.14,139.88
1/9/2024,140.33,9201275,140.2,141.56,139.87
1/8/2024,140.35,7999385,139.16,140.38,138.59
1/5/2024,139.12,9437671,138.92,139.7,138.5301
1/4/2024,139.24,11649190,138.98,140,138.74
1/3/2024,138.55,9584991,139.24,139.53,138.38
1/2/2024,138.78,11785900,136.04,139.05,135.965
12/29/2023,136.38,5590052,136.24,136.62,135.825
12/28/2023,136.24,5800264,136,136.695,135.98
12/27/2023,135.89,5444087,135.17,135.98,135.14
12/26/2023,135.32,3688653,134.91,135.675,134.74
12/22/2023,135.02,5355138,134.68,135.44,134.475
12/21/2023,134.35,5606916,133.53,134.445,133.22
12/20/2023,132.73,7299039,134.6,134.68,132.72
12/19/2023,134.68,6358227,133.95,134.75,133.74
12/18/2023,133.78,5944319,134.06,134.2,133.43
12/15/2023,134.16,8296654,134.68,134.94,133.66
12/14/2023,135.31,10098710,136.43,136.51,134.8
12/13/2023,135.97,9074339,132.94,136.01,132.76
12/12/2023,133.51,6779064,133.13,133.7,132.5
12/11/2023,132.94,9016882,132.78,133.19,132.13
12/8/2023,132.07,6007674,131.94,132.38,131.275
12/7/2023,131.85,6396695,132.03,132.35,131.245
12/6/2023,132.01,6210408,132.2,132.45,131.75
12/5/2023,131.91,6581075,131.81,132.12,131.09
12/4/2023,132.08,6943917,131.48,132.33,131.435
12/1/2023,131.83,9370974,131.13,131.97,131.03
11/30/2023,131.31,7743059,129.78,131.385,129.33
11/29/2023,129.68,6979033,129.5,130.38,129.44
11/28/2023,129.64,6261342,130.08,130.37,129.55
11/27/2023,130.31,10530280,130.85,131.29,130.07
11/24/2023,131.13,3708830,130.69,131.155,130.68
11/22/2023,130.43,6737701,130.24,130.74,130.0698
11/21/2023,129.81,8373031,129.47,130.07,129.31
11/20/2023,129.03,6910104,127.75,129.31,127.66
11/17/2023,128.25,6766199,128.78,128.99,127.864
11/16/2023,128.51,7665861,128.34,128.78,127.845
11/15/2023,127.96,9262770,127.95,128.47,127.64
11/14/2023,127.86,11217020,127.73,128.705,127.41
11/13/2023,127,11373790,126.4,127.25,125.67
11/10/2023,126.27,10401720,126,126.45,124.6
11/9/2023,125.52,13905620,128.05,128.2,125.4
11/8/2023,128.17,10021070,128.89,128.89,127.39
11/7/2023,128.35,8241885,128.21,128.66,127.87
11/6/2023,128.26,8425100,127.95,128.46,127.43
11/3/2023,127.41,11635620,127.65,128.2,127.2
11/2/2023,126.78,11894140,125.28,126.89,124.95
11/1/2023,124.8,13802710,124.39,125.41,124.17
10/31/2023,124.54,13917380,124.27,124.7,123.55
10/30/2023,123.83,15224550,123.78,124.21,122.89
10/27/2023,123.14,13566220,124.91,125.07,122.59
10/26/2023,125.26,14699250,125.47,126.41,125.16
10/25/2023,126.51,11427000,127.07,127.46,125.57
10/24/2023,127.65,9375911,126.85,128.05,126.85
10/23/2023,127.26,12344260,127.97,128.4,127.14
10/20/2023,128.06,12296750,128.31,128.98,128.04
10/19/2023,128.57,15492640,129.68,129.815,127.77
10/18/2023,129.85,10085680,131.17,131.54,129.6225
10/17/2023,130.99,9149878,130.54,131.705,130.435
10/16/2023,131.17,10545000,130.71,131.92,130.6
10/13/2023,130.19,11383860,129.86,130.94,129.46
10/12/2023,129.38,10927660,130.6,130.85,129.28
10/11/2023,130.5,9591851,131.24,131.45,129.92
10/10/2023,131.08,8154935,130.42,131.6699,129.97
10/9/2023,130.46,8047600,129.65,130.58,129.125
10/6/2023,130.01,10692360,128.3,130.42,128.23
10/5/2023,128.66,9609778,128.25,128.89,127.52
10/4/2023,127.96,10064400,127.53,128.14,126.93
10/3/2023,127.42,11971090,127.93,128.2,126.88
10/2/2023,128.56,16035100,128.33,128.6,127.06
9/29/2023,128.74,12692670,130,130.12,128.545
9/28/2023,129.72,9129071,129.32,130.09,129.32
9/27/2023,129.1,9888551,129.99,130.12,128.15
9/26/2023,129.75,8200850,130.26,130.675,129.65
9/25/2023,130.86,6826343,130.02,130.895,129.66
9/22/2023,130.15,7790307,130.25,130.92,130
9/21/2023,130.42,7979573,131.32,131.535,130.36
9/20/2023,131.57,6350825,132.14,132.51,131.55
9/19/2023,131.56,6252402,131.23,131.84,130.68
9/18/2023,131.45,6559420,131.86,131.99,130.95
9/15/2023,132.19,9612005,132.92,133.5482,132.095
9/14/2023,133.24,6433355,133.57,133.65,132.84
9/13/2023,132.82,6430300,132.48,133.35,132.44
9/12/2023,132.8,6941890,132.57,133.145,131.851
9/11/2023,132.97,7178983,132,133.225,131.98
9/8/2023,132.06,8717030,131.78,132.46,131.75
9/7/2023,132.06,11055730,131.87,132.625,131.77
9/6/2023,131.47,12840060,132.03,132.16,130.83
9/5/2023,132.19,11042680,133.64,133.735,132.19
9/1/2023,133.57,10183850,134.24,134.24,133.22
8/31/2023,133.21,7540165,134.84,134.91,133.18
8/30/2023,134.82,7892678,135.25,135.66,134.7
8/29/2023,134.92,10736990,133.9,134.92,133.72
8/28/2023,133.72,6768441,133.88,134.31,133.225
8/25/2023,133.41,8509077,132.87,133.88,132.42
8/24/2023,132.44,10241730,133.34,134.39,132.44
8/23/2023,133.6,7276780,134,134.3,133.205
8/22/2023,133.2,6939610,133.47,133.79,133.13
8/21/2023,133.67,6872444,133.48,133.83,133.055
8/18/2023,133.53,9463221,133.22,133.875,133.1
8/17/2023,133.48,11163780,134.07,134.54,133.415
8/16/2023,134.55,9462496,135.36,135.8,134.52
8/15/2023,135.58,9118521,135.74,136.14,135.43
8/14/2023,136.08,8723326,135.69,136.51,135.57
8/11/2023,135.67,7674453,134.79,135.83,134.47
8/10/2023,134.83,9541846,135.25,136.53,134.69
8/9/2023,134.92,9833747,134.84,135.65,134.75
8/8/2023,134.96,12601220,134.78,135.13,134.045
8/7/2023,133.93,8165679,132.8,134.055,132.73
8/4/2023,132.4,12631300,132.91,133.73,132.075
8/3/2023,132.87,11863530,133.1,133.27,132.61
8/2/2023,133.54,13873280,133.48,134.39,133.18
8/1/2023,133.45,10555720,133.84,134.33,133.115
7/31/2023,134.15,9736656,134.95,135,133.645
7/28/2023,135.19,6897797,135.2,135.42,134.415
7/27/2023,134.79,8800817,135.99,136.48,134.76
7/26/2023,135.79,8205316,135.23,136.23,134.875
7/25/2023,135.88,7803014,135.03,136.425,134.85
7/24/2023,135.94,12034090,136.24,136.845,135.8201
7/21/2023,136.24,11308880,135.01,136.66,134.78
7/20/2023,134.88,12650210,133.57,135.43,133.47
7/19/2023,132.68,12483990,132.72,133.51,132.45
7/18/2023,132.07,8130367,131.15,132.565,130.91
7/17/2023,131.1,7905359,131.35,131.63,130.61
7/14/2023,131.7,13298790,130.73,132.115,130.59
7/13/2023,129.75,7526169,130.03,130.36,129.615
7/12/2023,129.7,11900410,130.38,130.5,129.49
7/11/2023,130.05,7279219,129.84,130.47,129.48
7/10/2023,130.02,7476636,129.01,130.18,129
7/7/2023,129,8749818,129.8,130.26,128.93
7/6/2023,130.52,8213056,130.69,131.01,130.19
7/5/2023,131.57,7942087,131.36,131.855,131.06
7/3/2023,131.64,5240339,132.35,132.35,131.078
6/30/2023,132.73,8260918,131.91,133.04,131.83
6/29/2023,131.38,7843374,130.23,131.46,130.01
6/28/2023,130.53,10897830,130.92,130.95,130.11
6/27/2023,130.95,8578428,131.25,131.39,130.04
6/26/2023,131.25,7093029,131.67,131.88,129.98
6/23/2023,132,8096493,132.26,132.54,131.64
6/22/2023,132.44,8036714,131.74,132.63,131.57
6/21/2023,131.54,9444757,131.2,131.99,130.59
6/20/2023,131.52,8585375,130.41,132.095,130.39
6/16/2023,132.21,10535120,132.56,133.25,132.07
6/15/2023,132.22,10598620,130.21,132.4,130.19
6/14/2023,130.2,12401620,130.88,130.99,129.7
6/13/2023,131.55,8362679,130.6,131.745,130.47
6/12/2023,130.89,7321523,130.35,130.92,129.835
6/9/2023,130.42,10446130,130.05,130.87,129.34
6/8/2023,130.02,6583161,129.21,130.2,128.78
6/7/2023,129.19,7519649,129.59,129.77,129
6/6/2023,129.7,9413482,131.32,131.36,129.13
6/5/2023,130.79,7880207,130.61,131.38,130.45
6/2/2023,130.32,10293200,129.08,130.55,128.78
6/1/2023,128.67,9751882,127.95,128.9179,126.96
5/31/2023,127.83,15099050,126.39,128.05,126.05
5/30/2023,126.74,12114530,126.89,127.87,126.42
5/26/2023,127.53,8794874,127.67,128.8701,127.29
5/25/2023,127.79,13737190,128.49,128.66,126.91
5/24/2023,129.11,7953091,129.75,129.78,128.81
5/23/2023,130,8723112,130.91,131.0951,129.71
5/22/2023,131.44,12856110,131.5,132.36,131.13
5/19/2023,131.31,9277048,131,132.19,130.94
5/18/2023,130.7,12196870,130.74,130.91,129.69
5/17/2023,131.02,15512870,131.08,131.19,129.555
5/16/2023,130.86,7106025,131.68,131.73,130.83
5/15/2023,131.96,5725670,132.21,132.3,131.39
5/12/2023,132.19,6626766,132.57,132.85,131.6
5/11/2023,132.37,8764931,132.5,132.58,131.54
5/10/2023,132.78,6556586,132.79,133.11,132
5/9/2023,132.41,6452735,132.79,133.42,132.37
5/8/2023,133.3,5305742,133.39,133.43,132.68
5/5/2023,133.59,7650379,133.27,134.05,132.83
5/4/2023,132.4,9625315,132.9,132.98,131.84
5/3/2023,133.46,8961472,134.26,134.9,133.27
5/2/2023,133.64,14365950,134,134.85,132.68
5/1/2023,134.22,6794007,133.72,134.755,133.46
4/28/2023,133.53,7917338,132.24,133.905,132.03
4/27/2023,132.4,10008930,131.77,132.585,130.62
4/26/2023,131.71,10128760,132.43,132.52,130.92
4/25/2023,133.61,7751967,134.85,135.26,133.42
4/24/2023,135.05,6299870,134.44,135.09,134.1
4/21/2023,134.3,6536148,134.13,134.75,133.71
4/20/2023,133.4,6672031,133.31,133.6,132.7707
4/19/2023,133.95,7048082,133.58,134.15,133.17
4/18/2023,133.54,7194221,134.73,134.73,133.36
4/17/2023,134.46,7187113,134.61,134.76,133.755
4/14/2023,134.57,6632126,135.35,135.635,134.07
4/13/2023,135.66,9373699,134.49,135.81,134.195
4/12/2023,133.92,8988716,134.4,134.895,133.68
4/11/2023,133.88,8887512,133.74,134.365,133.66
4/10/2023,133.43,8024299,133.16,133.5,132.46
4/6/2023,133.52,8276295,133.71,134.11,133.07
4/5/2023,133.19,12325750,131.66,133.42,131.51
4/4/2023,130.93,9052600,131.05,131.69,130.69
4/3/2023,130.91,8937258,129.56,131.06,129.2
3/31/2023,129.46,9202493,128.52,129.53,128.45
3/30/2023,128.09,6820534,128.09,128.13,127.275
3/29/2023,127.4,8183112,127.68,127.84,126.85
3/28/2023,127.05,8037474,127.69,128.15,126.74
3/27/2023,127.82,9455363,128.2,128.78,127.67
3/24/2023,127.3,8163893,125.44,127.42,124.97
3/23/2023,125.56,10092300,126.32,127.08,124.84
3/22/2023,125.8,10480140,127.8,128.27,125.78
3/21/2023,127.73,8816257,127.45,127.88,126.675
3/20/2023,126.96,10592080,125.58,127.145,125.58
3/17/2023,125.86,15071530,127.39,127.49,125.455
3/16/2023,127.5,16013920,125.37,127.56,125.02
3/15/2023,126.32,17244560,125.07,126.5,124.84
3/14/2023,126.43,14583010,126.16,126.82,125.17
3/13/2023,125.31,21294200,123.75,127.02,123.6
3/10/2023,124.15,20483220,124.86,125.9,123.67
3/9/2023,125.07,13270340,126.84,127.05,124.56
3/8/2023,126.35,10793370,126.77,127.16,125.84
3/7/2023,127.03,9604352,129.37,129.52,126.81
3/6/2023,129.11,8153402,129.26,129.7,128.81
3/3/2023,129.17,10048010,128.33,129.22,127.69
3/2/2023,127.74,10203680,126.39,128.105,126.39
3/1/2023,126.96,11101020,126.56,127.24,126.41
2/28/2023,127.17,10282750,127.83,127.91,127.06
2/27/2023,128.12,6463899,129.21,129.57,127.83
2/24/2023,128.51,9008017,129.09,129.34,128.13
2/23/2023,130.19,9955508,129.81,130.85,129.235
2/22/2023,129.84,7318937,130.42,130.73,129.57
2/21/2023,130.28,9066218,131.03,131.57,130.0899
2/17/2023,131.99,10434450,130.2,132.23,130.08
2/16/2023,130.82,8008010,130.93,131.985,130.54
2/15/2023,132.14,6491948,132.28,132.455,131.69
2/14/2023,132.8,6905994,133.77,134.01,132.13
2/13/2023,133.59,6300295,132.51,133.595,132.51
2/10/2023,132.49,6198653,131.43,132.625,131.25
2/9/2023,131.25,8085922,132.74,133.245,131.04
2/8/2023,132.41,5614147,132.32,133.15,132.21
2/7/2023,132.8,7551007,131.49,133.19,131.025
2/6/2023,131.95,7328283,132.5,132.78,131.77
2/3/2023,132.69,10046770,133.17,133.6,132.25
2/2/2023,133.08,11274700,133.01,133.258,132.13
2/1/2023,133.99,11843040,133.36,134.81,132.36
1/31/2023,133.36,6290643,131.96,133.38,131.83
1/30/2023,131.66,7055400,132.61,133.44,131.455
1/27/2023,132.86,5854552,133.57,133.71,132.69
1/26/2023,133.77,6861168,133.83,133.95,132.73
1/25/2023,133.52,5999062,132.59,133.55,132.21
1/24/2023,133.48,5754776,133.7,134.48,132.62
1/23/2023,134.37,7211043,133.99,135.12,133.69
1/20/2023,133.91,5962205,133.54,134.01,132.52
1/19/2023,133.24,9902281,132.53,133.77,132.26
1/18/2023,132.92,10629150,134.82,135.17,132.795
1/17/2023,134.82,6664139,135.38,135.6121,134.64
1/13/2023,135.45,6334065,134.11,135.86,134.05
1/12/2023,134.85,7580538,134.99,135.41,133.54
1/11/2023,135.28,7307184,134.61,135.3,133.99
1/10/2023,134.52,7675320,133.35,134.725,133.15
1/9/2023,133.4,7719462,135.81,135.85,133.215
1/6/2023,135.67,7175745,135.33,136.04,133.61
1/5/2023,134.43,6714235,134.92,135.25,133.895
1/4/2023,135.82,8469936,136.22,136.57,134.94
1/3/2023,135.46,7239269,135.96,136.33,134.43
12/30/2022,135.85,6369600,135.88,136.02,134.47
12/29/2022,136.34,6297337,135.71,137.045,135.4
12/28/2022,134.87,5054288,136.2,136.86,134.82
12/27/2022,135.75,7050478,136.36,136.47,135.21
12/23/2022,136.1,3766896,135.89,136.23,135.095
12/22/2022,136.02,5483301,135.45,136.06,134.26
12/21/2022,136.21,5937459,135.26,136.63,134.84
12/20/2022,134.44,4815535,134.52,134.96,133.71
12/19/2022,134.47,6801724,134.93,135.18,133.86
12/16/2022,135.53,10843900,136.49,136.58,134.78
12/15/2022,137.53,8747994,138.85,139.2,137.04
12/14/2022,140.1,10882240,139.82,141.28,138.92
12/13/2022,139.88,9886543,141.35,141.77,138.91
12/12/2022,139.45,5669673,138.07,139.45,138.07
12/9/2022,137.98,6202991,139.58,140,137.94
12/8/2022,139.77,6765133,138.76,139.93,138.49
12/7/2022,138.52,7427063,137.39,138.915,137.35
12/6/2022,137.39,8171529,138.18,138.62,136.7145
12/5/2022,138.44,6921643,138.88,139.2,137.965
12/2/2022,139.78,7779758,138.02,139.965,138.02
12/1/2022,139.42,15140190,139.82,140.16,138.67
11/30/2022,139.02,9377430,135.98,139.11,135.26
11/29/2022,135.78,5439633,135.83,136.05,135.05
11/28/2022,136.12,5026871,136.73,137.54,135.85
11/25/2022,137.15,3255961,136.5,137.26,136.475
11/23/2022,136.34,5340732,135.82,136.54,135.475
11/22/2022,135.8,5931101,134.95,135.9,134.93
11/21/2022,134.63,7995562,134.29,135.21,134.14
11/18/2022,134.57,6720662,134.09,134.8,133.65
11/17/2022,132.96,6498840,131.97,133.5,131.86
11/16/2022,133.02,6122194,133.41,134.305,132.79
11/15/2022,133.08,8184215,134.1,134.66,131.97
11/14/2022,133.25,10537220,133.53,134.84,133.2
11/11/2022,133.13,10487240,134.61,134.63,131.4
11/10/2022,134.78,12416830,134.47,135.05,132.66
11/9/2022,131.44,8963460,132.66,133.55,131.28
11/8/2022,132.87,8930880,132.24,133.89,131.33
11/7/2022,132.21,6054386,131.02,132.56,130.53
11/4/2022,130.81,8082235,131,131.28,128.97
11/3/2022,130.02,7916588,129.62,130.74,128.7
11/2/2022,130.57,10230650,132.52,134.03,130.5
11/1/2022,132.83,8033434,132.91,133.57,131.41
10/31/2022,132.75,7852874,132.17,133.27,131.87
10/28/2022,132.86,6267145,130.91,132.96,130.5
10/27/2022,130.71,6497027,131.7,131.72,130.515
10/26/2022,131.4,8277066,130.36,132.62,130.32
10/25/2022,129.96,7174177,128.59,130.11,128.52
10/24/2022,128.98,7411288,127.6,129.37,127.6
10/21/2022,126.54,8433295,123.67,126.88,123.01
10/20/2022,123.76,7196824,124.6,125.51,123.6
10/19/2022,124.82,7676230,126.2,126.21,123.73
10/18/2022,126.59,10016880,127.76,127.8,125.97
10/17/2022,125.89,8420426,124.69,126.14,124.54
10/14/2022,123.9,11444400,125.47,126.4,123.52
10/13/2022,124.74,14063590,120.15,125.33,119.95
10/12/2022,121.9,9292811,122.89,123.615,121.87
10/11/2022,122.5,10792900,121.6,123.8,121.29
10/10/2022,121.85,8377954,122.91,123.08,121.38
10/7/2022,122.62,10068950,124.32,124.54,121.92
10/6/2022,125.27,9399262,126.42,126.81,124.94
10/5/2022,126.89,9913388,125.66,127.545,125.19
10/4/2022,126.47,13718050,124.63,126.52,124.335
10/3/2022,123.6,9326783,121.99,124.0701,121.62
9/30/2022,121.11,12389820,122.81,123.66,120.97
9/29/2022,122.8,10791660,123.47,123.77,121.97
9/28/2022,123.84,16359970,122.89,124.455,122.1
9/27/2022,121.19,13239880,122.41,123.2,120.7
9/26/2022,121.56,10450590,122,122.59,121.02
9/23/2022,122.73,16611130,122.7,122.95,121.2
9/22/2022,123.36,9505590,122.52,124.2,122
9/21/2022,122.71,11642390,125.28,126.11,122.68
9/20/2022,124.78,9010647,125.41,125.6,124.005
9/19/2022,126.26,9430349,126.14,126.29,124.455
9/16/2022,127.45,10810290,127.41,127.73,126.465
9/15/2022,127.81,8624440,127.65,129.0326,127.52
9/14/2022,127.1,8080138,127.45,128.2,126.26
9/13/2022,127.03,11928460,129.28,129.57,126.685
9/12/2022,131.37,7982550,131,132.05,130.65
9/9/2022,130.5,8880372,129.68,130.85,129.44
9/8/2022,129.36,9394760,126.68,129.4,126.42
9/7/2022,127.15,9038440,125.08,127.36,124.68
9/6/2022,125.11,9663569,125.48,126.68,124.76
9/2/2022,124.99,9730278,127.54,127.66,124.445
9/1/2022,126.81,11212380,124.56,126.87,124.39
8/31/2022,124.76,8954532,125.97,126.76,124.74
8/30/2022,125.56,7910498,126.85,126.85,125.25
8/29/2022,126.4,6727668,126.52,127.19,125.74
8/26/2022,127.29,9044717,130.98,130.99,127.19
8/25/2022,130.94,5636652,130.06,130.98,129.15
8/24/2022,129.51,6719608,129.48,130.0069,129.04
8/23/2022,129.35,7501923,130.6,130.74,128.985
8/22/2022,131.18,6420368,132.1,132.52,130.74
8/19/2022,132.92,5946717,132.56,133.56,132.37
8/18/2022,132.56,7053785,133.11,133.38,131.845
8/17/2022,133.15,7251754,133.15,133.92,132.95
8/16/2022,133.93,7138443,134,134.38,133.41
8/15/2022,134.29,7486084,133.55,134.47,133.07
8/12/2022,133.62,7515511,132.25,133.68,132.03
8/11/2022,131.93,8471414,132.39,133.69,131.645
8/10/2022,132.79,6736304,132.76,132.89,132.02
8/9/2022,131.36,5802683,131.93,132.56,131.05
8/8/2022,131.76,7075100,131.7,132.63,131.09
8/5/2022,131.45,8883422,130.68,131.51,130.37
8/4/2022,131.5,5493014,132.46,132.49,131.295
8/3/2022,132.15,6825710,131.66,132.67,131.3
8/2/2022,130.95,7935081,131.74,132.8,130.88
8/1/2022,131.42,7665402,131.66,132.38,131.115
7/29/2022,132.4,8309561,132.17,132.64,131.47
7/28/2022,132.84,11052780,132.17,133.805,129.92
7/27/2022,132,7680715,131.1,132.59,130.485
7/26/2022,131.18,7482401,130.88,131.985,130.53
7/25/2022,130.51,5489039,129.93,130.75,129.81
7/22/2022,129.83,8657252,130.67,130.92,129.04
7/21/2022,130.37,9507672,128.72,130.37,128.39
7/20/2022,128.34,7599526,129.44,129.61,127.82
7/19/2022,129.62,6585773,128.81,129.835,128.25
7/18/2022,127.45,7047900,130.33,130.445,127.02
7/15/2022,130.2,9684755,129.02,130.26,128.45
7/14/2022,127.13,7784950,126.04,127.32,125.2286
7/13/2022,127.5,9296486,127.66,128.53,127.17
7/12/2022,128.75,9280413,130,130.88,128.17
7/11/2022,130.41,7027344,130.01,131.14,129.87
7/8/2022,130.74,6505846,129.98,132.0389,129.85
7/7/2022,130.35,6805503,129.61,130.52,129.54
7/6/2022,129.8,9033298,129.11,130.47,128.88
7/5/2022,128.93,9987031,128.43,128.96,126.17
7/1/2022,129.68,9366753,128.29,129.85,126.86
6/30/2022,128.24,10697670,127.86,128.97,126.89
6/29/2022,128.53,9157664,127.59,129.17,127.39
6/28/2022,127.42,7518756,129.94,130.59,127.175
6/27/2022,129.68,8963597,129.2,130.23,128.79
6/24/2022,129.2,10448110,128.02,129.22,127.16
6/23/2022,127.09,11943320,124.88,127.19,124.88
6/22/2022,124.3,10188900,121.82,125.665,121.76
6/21/2022,122.6,7987177,121.06,123.1517,120.66
6/17/2022,119.89,13725170,120,121.79,119.85
6/16/2022,119.96,9383292,119.52,120.04,118.75
6/15/2022,121.75,10301640,121.19,123.03,119.89
6/14/2022,120.53,9299504,121.55,121.86,119.67
6/13/2022,121.69,14886250,123.01,123.76,121.18
6/10/2022,125.49,11289020,126.03,126.66,124.9998
6/9/2022,127.54,7772883,130.05,130.49,127.505
6/8/2022,130.49,5372007,131.16,131.64,130.12
6/7/2022,131.53,7219071,129.84,131.66,129.37
6/6/2022,129.84,7729119,130.75,131.02,129.49
6/3/2022,129.82,5852628,130.45,131.03,129.65
6/2/2022,131.36,9575484,130.5,131.39,128.17
6/1/2022,130.33,9259949,132.71,132.73,129.29
5/31/2022,132.23,11740800,132.84,133.08,131.16
5/27/2022,134.02,13696010,132.06,134.05,131.51
5/26/2022,131.83,9090060,131.6,132.33,131.22
5/25/2022,131.27,8532579,131.22,132.13,130.04
5/24/2022,131.31,9031266,130.535,131.53,129.7
5/23/2022,130.92,9196515,130.65,131.43,130.38
5/20/2022,129.78,12833740,129.08,130.06,127.33
5/19/2022,128.22,9672865,126.92,129,126.46
5/18/2022,127.94,10005040,130.44,130.76,127.53
5/17/2022,131.33,9058782,130.9,131.39,129.93
5/16/2022,129.55,8839812,128.45,130.43,128.42
5/13/2022,128.6,9841601,128.09,129,127.53
5/12/2022,127.25,17497150,125.57,127.33,125.28
5/11/2022,126.03,19987270,126.24,129.09,125.88
5/10/2022,126.87,21850370,127.74,128.22,125.7
5/9/2022,126.42,17289880,128.33,128.36,125.93
5/6/2022,129.78,21742340,128.93,130.14,128.27
5/5/2022,130.19,16119820,132.12,132.255,128.85
5/4/2022,132.77,19053550,129.68,133.25,128.59
5/3/2022,129.89,13585500,129.88,131.14,129.43
5/2/2022,129.48,23615280,130.18,130.91,127.38
4/29/2022,130.29,17430160,132.43,133.115,130.085
4/28/2022,133.73,15510670,132.84,134.17,131.61
4/27/2022,131.91,16726730,132.18,133.25,131.26
4/26/2022,132.2,20087680,133.76,134.48,132.01
4/25/2022,134.57,16501860,133.28,134.86,131.78
4/22/2022,133.67,17525350,137.48,137.52,133.525
4/21/2022,138.73,11409870,140.67,140.83,138.42
4/20/2022,140.28,13674760,138.8,140.82,138.64
4/19/2022,138.42,11733060,137.47,138.91,137.42
4/18/2022,137.11,10125010,138.5,138.82,136.53
4/14/2022,138.64,10993550,139.44,140.15,138.54
4/13/2022,139.31,15496410,138.62,139.45,137.9
4/12/2022,138.63,14085400,139.64,140.46,138.03
4/11/2022,139.99,16570650,142.42,143,139.78
4/8/2022,142.83,19102690,141.99,143.42,141.78
4/7/2022,141.98,18160180,138.8,142.34,138.8
4/6/2022,139.3,23197760,136.86,139.63,136.77
4/5/2022,137.21,15025050,136.57,138.84,136.5
4/4/2022,136.92,16769480,137.76,138,136.6
4/1/2022,138.07,20785730,137.37,138.12,136.45
3/31/2022,136.99,15843210,138.05,138.81,136.75
3/30/2022,138.34,10752950,138.09,138.89,137.64
3/29/2022,138.07,12327810,138.4,138.95,137.25
3/28/2022,137.26,8466953,136.5,137.3,136.01
3/25/2022,136.27,7040191,136.1,136.5,135.23
3/24/2022,135.64,7189377,134.54,135.64,134.25
3/23/2022,134.04,10013480,135.84,136.09,134
3/22/2022,136.49,8892191,136.6,136.79,135.99
3/21/2022,136.46,11473090,136.5,137.67,135.82
3/18/2022,136.99,11364220,136.07,137.16,135.66
3/17/2022,136.15,10973130,133.64,136.21,133.46
3/16/2022,134.03,13840390,133.11,134.05,131.75
3/15/2022,132.44,14374060,130.9,132.58,130.675
3/14/2022,129.85,14373220,129.98,131.72,129.47
3/11/2022,128.94,9869161,130.26,131.02,128.81
3/10/2022,129.91,10708940,128.39,130.19,128.25
3/9/2022,129.96,15576470,129.63,130.625,128.67
3/8/2022,127.55,21794620,129.35,130.31,127.47
3/7/2022,130.21,15703950,131.69,131.94,129.62
3/4/2022,132.52,12160670,130.53,132.64,130.14
3/3/2022,131.86,11172610,131.77,132.63,130.74
3/2/2022,131.19,12395630,129.81,131.9,129.64
3/1/2022,129.24,14064390,129.28,130.34,128.235
2/28/2022,129.96,17987710,128.85,130.11,128.45
2/25/2022,130.95,17012270,127.63,131.27,127.49
2/24/2022,127.06,23220100,124.29,127.32,124.06
2/23/2022,126.55,12022840,127.84,128.28,126.425
2/22/2022,127.19,13682110,127.06,128.23,126.34
2/18/2022,127.51,13505610,128.35,129.04,127.08
2/17/2022,128.47,11906810,130.04,130.11,128.275
2/16/2022,130.57,8779207,129.7,130.94,129.34
2/15/2022,130.37,8969944,130.04,130.88,129.71
2/14/2022,128.92,14386970,129.98,130.23,127.95
2/11/2022,130.25,13072310,131.9,132.9,130.09
2/10/2022,132.08,14393350,132.63,133.79,131.56
2/9/2022,134.18,10811030,133.79,134.46,133.65
2/8/2022,133.15,11071570,131.37,133.38,131.07
2/7/2022,132.07,9229161,132.35,132.81,131.7
2/4/2022,132.3,12004330,131.57,133.23,131.33
2/3/2022,132.78,13805710,133.17,133.28,132.53
2/2/2022,133.35,13595220,131.49,133.67,131.22
2/1/2022,131.58,14674820,131.7,131.82,130.53
1/31/2022,131.23,19044360,130.24,131.465,129.98
1/28/2022,130.48,20906760,127.76,130.53,126.86
1/27/2022,127.87,18489080,128.16,129.84,127.45
1/26/2022,127.54,29557380,128.42,129.58,126.535
1/25/2022,128.21,19326770,127.33,129.305,126.27
1/24/2022,129.04,37986740,128.3,129.26,124.92
1/21/2022,129.47,25804770,131.19,131.6,129.26
1/20/2022,130.79,15127780,131.97,133.32,130.71
1/19/2022,131.65,14639580,132.44,133.48,131.52
1/18/2022,132.19,16471760,132.75,132.955,131.845
1/14/2022,134.07,14341860,133.94,134.21,132.69
1/13/2022,134.3,13804870,136.18,136.35,134.055
1/12/2022,136.42,10831830,136.03,136.63,135.8279
1/11/2022,136.81,12168270,135.93,136.83,135
1/10/2022,135.73,15589880,133.76,135.81,133.4427
1/7/2022,134.35,9619354,134.72,134.97,134.07
1/6/2022,135.04,15181990,135.77,136.6,134.8
1/5/2022,136.62,15370690,137.9,138.73,136.565
1/4/2022,137.6,13718250,139.13,139.29,137.01
1/3/2022,139.44,15122470,140.29,140.55,138.24
12/31/2021,140.89,7882794,141.32,141.86,140.84
12/30/2021,141.49,7931674,141.46,141.975,141.31
12/29/2021,141.2,7103573,140.26,141.49,140.16
12/28/2021,140.4,6066669,140.9,141.15,140.03
12/27/2021,140.77,6969387,139.8,140.77,139.65
12/23/2021,139.3,7743780,139.09,139.749,138.68
12/22/2021,138.73,7245983,137.06,138.81,136.82
12/21/2021,137.13,10773370,136.95,137.19,135.68
12/20/2021,136.56,16185740,137.11,137.525,135.38
12/17/2021,137.92,21505770,138.19,139.035,137.38
12/16/2021,138.89,19227480,138.06,139.59,137.81
12/15/2021,138.07,14996250,135.59,138.14,135.47
12/14/2021,135.3,11070800,135.22,136.01,134.63
12/13/2021,135.85,12201840,134.58,136.23,134.58
12/10/2021,134.58,8554302,133.76,134.86,133.7
12/9/2021,134.11,9095914,133.67,134.55,133.57
12/8/2021,133.8,15144680,133.18,133.89,132.51
12/7/2021,132.8,11974710,132,133.12,131.82
12/6/2021,131.11,15230870,130.71,131.68,130.505
12/3/2021,130.37,22111860,131.04,131.54,129.29
12/2/2021,130.13,17531250,129.46,130.66,128.84
12/1/2021,129.5,22241710,130.35,132.09,129.48
11/30/2021,129.73,19467130,131.57,132.17,129.54
11/29/2021,132.33,17137200,132.69,133.22,132.19
11/26/2021,131.97,11896920,132.94,133.72,131.5099
11/24/2021,132.46,6760796,132.26,132.7,131.8
11/23/2021,132.51,12075240,131.75,132.645,131.35
11/22/2021,132.37,11146200,133.16,133.62,132.2
11/19/2021,132.97,10166200,134.18,134.63,132.855
11/18/2021,133.78,9029418,133.87,134.12,133.32
11/17/2021,133.73,8229054,133.69,134.25,133.11
11/16/2021,133.54,6150892,132.95,134.265,132.72
11/15/2021,132.98,6268910,134.12,134.19,132.85
11/12/2021,133.81,8317641,134,134.12,133.07
11/11/2021,133.15,8597304,133.52,133.61,132.83
11/10/2021,133.54,8445219,133.12,134.08,133.1
11/9/2021,133.16,7287021,133.69,133.81,132.9
11/8/2021,133.65,8948840,133.1,133.82,132.58
11/5/2021,132.86,14867390,133.15,133.7,131.895
11/4/2021,134.36,15818550,134.98,135.19,133.43
11/3/2021,135.29,14610090,134.24,135.34,133.74
11/2/2021,134.5,20851470,134.18,135.165,133.01
11/1/2021,133.66,14356750,133.94,134.49,133.15
10/29/2021,133.82,15415090,132.36,133.99,131.855
10/28/2021,132.53,9282753,131.67,133.04,131.665
10/27/2021,131.43,11851450,132.69,132.83,131.39
10/26/2021,132.48,9271663,132.13,132.86,131.41
10/25/2021,131.83,10629840,131.73,131.9746,130.71
10/22/2021,131.67,8009739,131.02,131.72,130.82
10/21/2021,131.14,8267518,130.88,131.215,129.93
10/20/2021,130.61,13665720,129.54,130.8025,129.42
10/19/2021,128.77,9486966,127.79,129.1,127.79
10/18/2021,127.1,11660800,127.41,127.54,126.55
10/15/2021,127.97,8976053,128,128.55,127.73
10/14/2021,127.34,8857911,126.84,127.84,126.84
10/13/2021,125.54,10610420,125.55,126.105,124.765
10/12/2021,125.34,13007520,126.35,126.48,125.025
10/11/2021,125.95,7843732,126.83,127.5,125.91
10/8/2021,126.94,9552253,127.76,128,126.68
10/7/2021,127.58,15806660,126.78,128.4,126.54
10/6/2021,125.91,21322290,125.44,126.02,124.5
10/5/2021,126.14,19152030,125.9,127.42,125.73
10/4/2021,125.39,27580670,126.81,127.46,124.76
10/1/2021,127.33,23188940,127.47,127.93,125.28
9/30/2021,127.3,21653750,129.31,130.12,127.19
9/29/2021,128.88,11171390,128.44,129.48,128.18
9/28/2021,127.87,17433740,129.27,129.271,127.43
9/27/2021,130.1,11631380,131.6,131.76,129.82
9/24/2021,131.98,6962579,132.3,132.79,131.7
9/23/2021,132.52,10366550,131.87,133.29,131.77
9/22/2021,131.57,11964140,131.74,132.2321,130.94
9/21/2021,131.35,11741910,131.75,132.7,131.33
9/20/2021,131.15,17245020,131.03,132.32,130.01
9/17/2021,133,13541430,132.76,133.11,132.13
9/16/2021,132.87,10525710,133.38,133.63,131.96
9/15/2021,133.21,10299870,132.18,133.83,131.98
9/14/2021,132.35,10436270,132.99,133.3,132.12
9/13/2021,132.37,11676710,133.89,133.97,131.7
9/10/2021,133.19,10561620,134.9,135.02,133.12
9/9/2021,134.42,8905636,135.8,136.11,134.34
9/8/2021,135.99,6986150,135.78,136.21,135.42
9/7/2021,136.05,8739238,136.34,136.56,135.16
9/3/2021,136.85,5632771,136.56,137.045,135.91
9/2/2021,136.7,6848211,135.75,136.72,135.6
9/1/2021,135.25,10571190,135.32,135.44,133.965
8/31/2021,135.21,9299100,135.42,136.05,134.73
8/30/2021,135.39,6417153,134.51,135.88,134.5
8/27/2021,134.63,8679232,135.08,135.45,134.41
8/26/2021,134.78,5972119,135.39,135.69,134.52
8/25/2021,135.31,6918537,135.55,135.6217,134.75
8/24/2021,135.68,6548195,136.16,136.18,135.29
8/23/2021,136.16,8471263,136.88,136.98,136.12
8/20/2021,136.11,7252909,135.47,136.52,135
8/19/2021,135.34,11669500,133.84,136.04,133.8
8/18/2021,134.73,12427700,136.63,136.78,134.65
8/17/2021,136.81,13874830,134.85,136.81,134.775
8/16/2021,135.21,8404315,133.69,135.23,133.23
8/13/2021,133.69,7923108,133.19,133.72,133.03
8/12/2021,132.86,8220335,131.95,132.97,131.86
8/11/2021,131.82,14512540,133.35,133.56,131.71
8/10/2021,133.14,5832607,133.52,133.79,132.625
8/9/2021,133.45,9852525,133.13,133.7,133.03
8/6/2021,132.94,6923733,132.99,133.11,132.09
8/5/2021,133.05,8240873,133.5,133.52,132.045
8/4/2021,133.6,8322214,133.65,134.47,133.43
8/3/2021,134.17,7701800,132.39,134.21,132.3
8/2/2021,132.33,8366436,132.67,132.85,131.94
7/30/2021,132.15,6634362,131.81,132.635,131.63
7/29/2021,132.03,5662818,132.14,132.23,131.64
7/28/2021,131.71,7432563,131.05,132.09,130.715
7/27/2021,131.24,9551785,130.45,131.24,130.105
7/26/2021,130.63,6626516,131.11,131.49,130.1999
7/23/2021,131.48,8303834,130.53,131.61,130.37
7/22/2021,129.98,9261132,129.14,129.98,128.79
7/21/2021,129.03,8295729,129.34,129.38,127.64
7/20/2021,128.82,15053910,127.68,129.55,127.68
7/19/2021,127.27,19460590,127.78,128.39,126.23
7/16/2021,128.62,6511034,128.6,129.085,128.18
7/15/2021,128.27,8750949,128.03,128.59,127.48
7/14/2021,128.72,7487030,129.13,129.24,128.49
7/13/2021,128.84,9698814,128.8,129.2552,128.525
7/12/2021,128.96,9097975,128.71,129.6,128.61
7/9/2021,128.71,5224302,128.73,129.105,128.4199
7/8/2021,128.27,8386584,127.78,128.37,127.11
7/7/2021,128.98,18435650,128.18,128.98,127.71
7/6/2021,128.17,11413300,127.91,128.18,127.2601
7/2/2021,128.29,12328130,127.23,128.41,127.005
7/1/2021,127.07,12020980,126.04,127.16,125.99
6/30/2021,125.95,8542687,125.9,126.21,125.47
6/29/2021,126.03,6165555,125.9,126.42,125.74
6/28/2021,125.89,4631451,125.83,126.05,125.41
6/25/2021,125.7,8344223,125.08,126.08,125.01
6/24/2021,125.13,7029228,125.22,126.005,124.99
6/23/2021,124.49,6506579,124.84,125.13,124.44
6/22/2021,125.01,7194053,124.82,125.18,124.4
6/21/2021,124.74,6655407,123.65,124.965,123.2
6/18/2021,123.74,11152650,124.24,124.41,123.57
6/17/2021,125.17,6527291,124,125.5,123.98
6/16/2021,124.22,11653340,124.83,125.46,123.87
6/15/2021,124.7,5409192,124.79,124.98,124.17
6/14/2021,124.66,5155991,124.48,124.68,123.78
6/11/2021,124.55,6958093,125.25,125.31,123.92
6/10/2021,125.44,9350874,123.63,125.58,123.58
6/9/2021,123.33,7965618,122.46,123.535,122.46
6/8/2021,122.15,10799560,122.83,122.9,121.21
6/7/2021,122.53,13978500,122.39,123.61,122.18
6/4/2021,122.09,11229020,122.34,122.6999,121.95
6/3/2021,121.7,13244610,120.88,122.02,120.61
6/2/2021,121.33,13245070,121.68,121.99,121.04
6/1/2021,121.57,13368330,123.75,123.79,121.465
5/28/2021,123.6,10059940,123.59,124.615,123.52
5/27/2021,123.12,8103209,123.65,123.75,123.05
5/26/2021,123.39,6848847,124.08,124.12,122.86
5/25/2021,124.11,6798493,124.66,124.67,123.97
5/24/2021,124.48,4958873,125,125.2499,124.43
5/21/2021,124.36,8423300,124.75,125.66,124.26
5/20/2021,124.34,7522727,123.01,124.87,123.01
5/19/2021,123.05,10063160,122.46,123.13,121.59
5/18/2021,123.26,9201952,123.18,123.9689,122.77
5/17/2021,123.22,5997564,123.31,123.875,123.14
5/14/2021,123.45,6590493,123.54,123.855,123.14
5/13/2021,122.83,11228010,121.95,123.385,121.76
5/12/2021,121.73,10946460,122.23,122.84,121.61
5/11/2021,122.89,11357840,123.58,124.1,122.606
5/10/2021,124.23,8846741,124.52,125.19,124.18
5/7/2021,124.07,7576917,123.51,124.72,123.46
5/6/2021,123.22,16114980,122.36,123.23,121.73
5/5/2021,123.06,13851470,123.01,123.44,122.41
5/4/2021,122.84,16186500,122.53,122.93,122
5/3/2021,122.71,13179070,121.99,122.8387,121.82
4/30/2021,121.33,7153422,121.21,121.92,121.11
4/29/2021,121.69,8148869,122.31,122.34,121.03
4/28/2021,122.18,6788235,122.35,122.49,121.96
4/27/2021,122.55,7034730,122.95,122.965,122.35
4/26/2021,123.26,6907131,123.61,123.62,123.03
4/23/2021,123.68,4975346,122.81,123.96,122.55
4/22/2021,122.87,10030940,123.32,123.6,122.4
4/21/2021,123.42,9635877,122.36,123.4884,122.3
4/20/2021,121.98,8063897,120.95,122.29,120.95
4/19/2021,121.51,7094305,121.25,121.54,120.8892
4/16/2021,121.48,7447536,121.2,121.615,120.78
4/15/2021,120.58,8438303,119.02,120.9284,119.02
4/14/2021,118.55,6226675,118.42,119.03,118.335
4/13/2021,118.56,6519617,117.7,118.89,117.59
4/12/2021,118.07,8279707,117.78,118.31,117.65
4/9/2021,117.95,5919162,116.74,118.02,116.67
4/8/2021,116.67,4292455,116.83,117.1819,116.51
4/7/2021,116.49,5753273,116.68,117.08,116.187
4/6/2021,116.75,5206716,117.35,117.69,116.58
4/5/2021,117.2,7190918,116.98,117.5627,116.79
4/1/2021,116.39,6676369,116.93,117.04,116.02
3/31/2021,116.74,8504094,116.76,117.4481,116.56
3/30/2021,116.51,6865742,117.25,117.25,116.24
3/29/2021,117.57,8959005,116.55,117.97,116.51
3/26/2021,117.02,8286505,115.14,117.17,114.83
3/25/2021,114.85,11505270,114.54,115.07,113.35
3/24/2021,114.37,12647010,114.56,115.25,114.335
3/23/2021,114.5,9170522,115.53,115.715,114.21
3/22/2021,115.67,6156842,114.6,115.75,114.03
3/19/2021,115.07,12595940,114.78,115.75,114.2
3/18/2021,114.66,8553350,114.37,115.6,114.32
3/17/2021,114.9,7524923,114.82,115.47,114.205
3/16/2021,115.32,8618552,115.51,115.715,114.9
3/15/2021,115.39,7119410,114.39,115.42,114.26
3/12/2021,114.6,7452438,114.11,114.76,113.93
3/11/2021,114.35,6549499,114.05,114.98,113.89
3/10/2021,113.66,11641100,114.15,114.8,113.62
3/9/2021,113.4,11022340,113.57,115.2,113.35
3/8/2021,112.74,12691820,113.11,114.525,112.6
3/5/2021,113.02,15645240,111.45,113.38,110.55
3/4/2021,110.8,23441750,112.06,112.8,109.93
3/3/2021,112.31,14946770,113.33,113.45,112.045
3/2/2021,113.75,8456128,114.32,114.59,113.64
3/1/2021,114.08,7361855,113.53,114.61,113.5
2/26/2021,112.61,14687160,113.99,113.99,112.32
2/25/2021,113.59,14494850,114.58,115.04,113.01
2/24/2021,114.74,9842009,114.08,115.36,113.72
2/23/2021,113.95,8731544,114.06,114.76,113.42
2/22/2021,114.14,7213401,113.86,114.49,113.115
2/19/2021,114.41,9390773,115.9,115.99,114.31
2/18/2021,115.81,7756644,115.97,116.279,115.33
2/17/2021,116.54,5025583,115.74,116.599,115.605
2/16/2021,116.12,9531893,117.43,117.54,115.74
2/12/2021,117.28,6345295,116.18,117.41,116.03
2/11/2021,116.41,4683971,116.6,116.7,115.86
2/10/2021,116.19,5406420,116.82,116.85,115.78
2/9/2021,115.98,4730313,115.8,116.085,115.69
2/8/2021,115.81,6956728,116.08,116.24,115.465
2/5/2021,115.67,5557076,116.25,116.43,115.39
2/4/2021,115.46,8451583,114.98,115.93,114.73
2/3/2021,114.98,11280270,115.8,115.86,114.615
2/2/2021,115.8,11515730,116.38,116.95,115.77
2/1/2021,115.47,10105260,115.97,116.35,115.29
1/29/2021,115.03,10462740,115.84,116.66,114.1
1/28/2021,116.01,12626270,115.31,117.47,115.09
1/27/2021,114.34,13097040,116.62,116.62,114.05
1/26/2021,117.92,5504027,118.7,118.9856,117.855
1/25/2021,118.36,6962045,117.66,118.43,117.415
1/22/2021,117.59,4796466,117.59,118.25,117.44
1/21/2021,117.94,5796233,118.35,118.47,117.54
1/20/2021,118.5,6871999,118.05,118.6889,117.34
1/19/2021,117.85,6194450,117.9,118.23,117.23
1/15/2021,116.97,10335240,116.29,117.24,115.83
1/14/2021,116.61,5792315,117.17,117.61,116.47
1/13/2021,116.98,5259556,116.6,117.38,116.17
1/12/2021,116.66,9225459,117.71,117.8365,116.1341
1/11/2021,117.94,6428554,117.42,118.13,117.27
1/8/2021,117.39,9350781,117.04,117.91,116.28
1/7/2021,116.83,12407320,115.48,117,115.3
1/6/2021,115.33,17833710,112.18,115.63,112.18
1/5/2021,113.77,11081890,112.75,114.155,112.27
1/4/2021,112.95,12911810,113.88,113.9,111.11
12/31/2020,113.44,5581249,112.27,113.62,111.895
12/30/2020,112.26,3563990,112.51,112.89,112.135
12/29/2020,112.28,5053353,112.27,112.79,111.9
12/28/2020,111.75,4390191,112.05,112.3,111.45
12/24/2020,111.47,1674691,111.2,111.68,111.05
12/23/2020,111.15,3920706,111.46,111.97,111.07
12/22/2020,111.07,13105360,111.21,111.47,110.44
12/21/2020,111.41,6129646,110.87,111.51,109.365
12/18/2020,113,7877006,113.02,113.27,111.79
12/17/2020,112.91,4263673,111.89,112.98,111.88
12/16/2020,111.71,5355406,111.94,112.34,111.23
12/15/2020,112.04,5007547,111.61,112.28,111.02
12/14/2020,110.84,8469358,112.53,113.09,110.77
12/11/2020,111.68,5222420,111.66,111.93,110.91
12/10/2020,112.12,5410980,112.29,112.74,111.89
12/9/2020,112.31,7386434,113.15,113.16,111.81
12/8/2020,112.7,7953249,111.58,112.79,111.54
12/7/2020,111.85,5803278,112.42,112.52,111.44
12/4/2020,112.54,7859687,111.39,112.56,111.2488
12/3/2020,111.35,9795704,111.45,111.79,110.87
12/2/2020,111.49,8552381,110.74,111.68,110.67
12/1/2020,110.66,12682370,110.8,111.865,110.47
11/30/2020,109.74,12723440,109.48,109.84,108.9
11/27/2020,109.44,4443906,108.88,109.515,108.53
11/25/2020,108.44,11671830,108.97,109.05,107.985
11/24/2020,108.84,9616222,109.05,109.58,108.47
11/23/2020,108.52,7747820,109.34,109.4,107.84
11/20/2020,108.8,7674538,108.8,109.305,108.42
11/19/2020,109.05,10411030,109.13,109.22,108.235
11/18/2020,109.13,9849992,111.44,111.48,109.1
11/17/2020,111.2,8898284,111.36,111.61,110.67
11/16/2020,111.93,7586032,113.01,113.19,111.37
11/13/2020,112.12,6576891,111.27,112.545,111.07
11/12/2020,110.72,7856407,110.92,111.36,109.98
11/11/2020,111.13,9935420,112.16,112.16,110.59
11/10/2020,111.27,12526540,111.46,111.67,110.07
11/9/2020,110.95,20442970,113.92,114.41,110.81
11/6/2020,109.92,12311220,110,110.67,109.21
11/5/2020,109.88,12864810,111.17,111.25,109.68
11/4/2020,109.66,25531480,107.99,111.42,107.78
11/3/2020,105,9812871,104.76,106.14,104.68
11/2/2020,103.49,10287510,103.16,103.73,102.41
10/30/2020,101.66,10741670,101.56,102.16,100.31
10/29/2020,101.69,15974240,102.46,102.91,101.06
10/28/2020,102.53,11431820,104.14,104.77,102.4
10/27/2020,105.89,6893116,106.23,106.76,105.83
10/26/2020,106.62,8135488,106.95,107.08,105.6
10/23/2020,107.82,5697874,107.96,108.6,107.21
10/22/2020,107.42,6127112,105.97,107.61,105.96
10/21/2020,105.82,5474401,106.34,106.64,105.57
10/20/2020,106.35,7423744,106.59,107.23,106.17
10/19/2020,106.21,8308906,108.2,108.53,105.845
10/16/2020,107.92,7462098,107.21,108.72,107.17
10/15/2020,106.86,6197773,106.31,107.06,106.13
10/14/2020,107.64,5999895,108.23,108.68,107.295
10/13/2020,108.27,6773592,108.45,109.02,107.99
10/12/2020,109.1,5065127,108.85,109.525,108.49
10/9/2020,108.36,5636283,107.99,108.68,107.71
10/8/2020,107.39,5942676,107.49,107.74,107.16
10/7/2020,106.87,7873212,105.63,107.2,105.61
10/6/2020,104.89,7747566,106.6,106.66,104.785
10/5/2020,106.3,6661164,104.91,106.41,104.88
10/2/2020,104.16,8628770,104.12,105.21,103.71
10/1/2020,105.12,9113225,105.97,106.4,104.67
9/30/2020,105.48,7565471,104.14,106.33,104.12
9/29/2020,103.82,5402704,104.13,104.66,103.41
9/28/2020,103.95,6511074,104.01,104.755,103.75
9/25/2020,103.02,6768989,101.04,103.3,100.93
9/24/2020,101.39,8434730,101.54,101.9,100.77
9/23/2020,101.9,7682189,103.39,103.428,101.8
9/22/2020,102.96,7833370,103.01,103.28,102.025
9/21/2020,103.18,8783015,103.72,103.72,101.74
9/18/2020,105.54,8649331,105.83,106.215,104.56
9/17/2020,105.7,7597328,105.07,106.06,104.73
9/16/2020,106.05,7193286,106.8,107.01,105.925
9/15/2020,106.23,5580462,106.64,107.08,105.96
9/14/2020,106.09,5847273,105.44,106.66,105.23
9/11/2020,104.59,8764261,104.67,105.09,103.79
9/10/2020,104.18,9186165,106.1,106.1,103.9
9/9/2020,105.8,8200986,104.74,106.67,104.72
9/8/2020,103.96,9660439,105.53,105.57,103.67
9/4/2020,105.7,14715570,106.83,107.02,104.41
9/3/2020,106.46,13337300,109.58,109.74,105.695
9/2/2020,109.44,8495835,107.39,109.73,106.94
9/1/2020,107.29,10999340,108.12,108.29,106.64
8/31/2020,108.26,6721123,107.77,108.775,107.68
8/28/2020,108,5159655,108.06,108.06,107.2
8/27/2020,107.76,7775548,107.1,108.2608,106.34
8/26/2020,106.92,6995307,106.83,107.04,105.77
8/25/2020,107.05,5096537,106.87,107.09,106.46
8/24/2020,106.33,6363195,107.33,107.37,105.675
8/21/2020,106.82,6466753,106.54,106.96,105.99
8/20/2020,106.71,4938320,106.58,106.95,106.43
8/19/2020,107.05,6308081,107.5,107.8,106.82
8/18/2020,107.4,4220527,107.65,107.83,106.84
8/17/2020,107.43,4610265,106.99,107.84,106.94
8/14/2020,106.8,3826241,106.81,107.28,106.3887
8/13/2020,107.01,5323297,107.02,107.12,106.29
8/12/2020,107.15,8205475,105.95,107.485,105.91
8/11/2020,105.38,8115926,106.64,106.74,105.13
8/10/2020,106.05,4640201,106.43,106.52,105.77
8/7/2020,106.41,4274009,105.96,106.43,105.655
8/6/2020,106.07,5369860,106.51,106.96,105.3
8/5/2020,106.64,4407041,106.73,106.8313,106.37
8/4/2020,106.15,6092927,106.38,106.63,105.49
8/3/2020,106.62,8811926,106.19,106.965,106
7/31/2020,105.53,6920437,105.81,106.1,104.15
7/30/2020,106.14,5349164,105.85,106.32,105
7/29/2020,106.88,5449855,106.01,107.31,105.94
7/28/2020,105.77,6239393,105.94,106.47,105.57
7/27/2020,105.89,5934214,105.06,106.16,104.73
7/24/2020,105.1,6240965,106.1,106.16,104.43
7/23/2020,106.27,6970160,107.09,107.53,105.92
7/22/2020,106.75,5648685,106.28,106.93,105.73
7/21/2020,105.8,7458616,106.23,106.63,105.58
7/20/2020,105.87,6776331,106.13,106.49,105.52
7/17/2020,105.89,7548607,105.01,106.25,104.86
7/16/2020,104.46,6412217,104.53,104.54,103.72
7/15/2020,104.63,9606981,104.05,104.925,103.83
7/14/2020,103.29,10890200,101.04,103.46,100.85
7/13/2020,101.28,10167370,101.29,103.145,101.02
7/10/2020,100.71,10502650,101.03,101.13,99.97
7/9/2020,100.95,10522110,101.64,102.02,99.68
7/8/2020,101.75,5624902,102.09,102.4,101.07
7/7/2020,101.74,5913221,101.88,102.97,101.6
7/6/2020,102.63,6374838,102.77,103.22,102.14
7/2/2020,101.6,6502376,101.73,102.18,101.375
7/1/2020,100.84,10933150,100.54,101.26,99.91
6/30/2020,100.07,9182991,98.42,100.6,98.13
6/29/2020,98.39,7490228,98.28,98.57,97.515
6/26/2020,97.51,16631440,98.53,98.78,97.04
6/25/2020,98.71,10506730,97.66,98.83,96.84
6/24/2020,97.75,15739710,99.62,99.82,97.0399
6/23/2020,100.37,5369897,100.63,101.23,100.18
6/22/2020,99.94,6889370,99.91,100.0838,98.91
6/19/2020,100.75,12177000,100.93,101.34,99.71
6/18/2020,99.79,7115232,99.56,100.02,99.16
6/17/2020,100.13,9086302,100.73,100.91,99.78
6/16/2020,100.23,13272880,100.12,100.87,98.58
6/15/2020,97.82,14522110,96.14,98.38,95.42
6/12/2020,97.6,19397190,99,99.32,95.92
6/11/2020,96.97,39561930,101.79,101.98,96.63
6/10/2020,102.68,10519660,103.18,103.52,102.23
6/9/2020,102.84,10371110,103.71,104.2224,102.72
6/8/2020,103.92,8191341,102.8,103.96,102.55
6/5/2020,103.21,14579770,102.21,104.035,101.68
6/4/2020,101.57,10848320,101.76,102.465,100.92
6/3/2020,102.38,10020910,102.88,102.98,101.945
6/2/2020,102.58,13162280,102.03,102.63,101.42
6/1/2020,101.99,8436318,102.36,102.4825,101.35
5/29/2020,103.01,19057040,102.22,103.23,100.69
5/28/2020,101.78,11708860,101.29,102.8,101.26
5/27/2020,100.47,15551900,99.58,100.47,98.07
5/26/2020,99.44,10829200,101.19,101.28,99.28
5/22/2020,99.62,10233260,99.42,99.7,98.9
5/21/2020,99.41,12259520,99.87,99.93,98.83
5/20/2020,100.15,10058220,100.79,101.17,99.92
5/19/2020,100.03,10561440,100.93,101.445,100.02
5/18/2020,101.25,10557490,102.3,102.77,101.19
5/15/2020,100.42,15170170,99.3,100.51,99.0702
5/14/2020,99.58,12021390,97.59,99.63,97.57
5/13/2020,98.5,12667230,99.45,100.215,97.71
5/12/2020,99.58,18471030,101.71,101.8,99.57
5/11/2020,101.12,15115450,99,101.38,99
5/8/2020,99.41,10374530,99.96,100,99.105
5/7/2020,98.9,9454429,99.92,99.93,98.775
5/6/2020,98.91,9493189,100.42,100.49,98.86
5/5/2020,99.9,11498430,98.64,100.615,98.39
5/4/2020,97.78,8991272,97.53,98,96.89
5/1/2020,97.83,10101980,98.59,98.77,96.95
4/30/2020,99.73,12768940,99.76,100.38,99.21
4/29/2020,100.19,9939877,101.06,101.06,99.54
4/28/2020,99.53,11517620,102.26,102.26,99.41
4/27/2020,101.58,8022181,100.99,102.01,100.83
4/24/2020,100.29,7853512,99.56,100.49,98.94
4/23/2020,98.96,16013260,98.94,100.49,98.74
4/22/2020,98.42,11994390,98.35,99.03,97.74
4/21/2020,96.94,9291372,98.27,98.83,96.62
4/20/2020,99.98,10558300,99.82,101.41,99.71
4/17/2020,100.78,11504680,101.13,101.13,99.39
4/16/2020,98.73,11331590,97.34,98.975,97.03
4/15/2020,96.62,11019110,95.83,97.19,95.285
4/14/2020,97.12,12830800,95.84,97.47,95.515
4/13/2020,94,9606595,94.49,94.82,92.66
4/9/2020,94.83,12983200,95.17,95.35,93.97
4/8/2020,94.31,32624370,91.36,94.86,90.22
4/7/2020,90.58,16699510,93.65,93.82,90.49
4/6/2020,91.33,13472930,89.54,91.85,89.14
4/3/2020,86.78,12934360,87.29,88.12,85.8
4/2/2020,87.57,13588010,84.78,87.77,83.93
4/1/2020,85.21,15255430,85.62,86.39,84.39
3/31/2020,88.58,13585920,89.05,89.53,87.64
3/30/2020,88.97,13766710,86.52,89.1399,86.51
3/27/2020,84.99,13043210,84.34,87.23,84.28
3/26/2020,86.85,18822470,82.17,87.31,82.01
3/25/2020,81.44,16851810,79.84,84.09,78.87
3/24/2020,80.37,16775770,78.15,80.53,77.57
3/23/2020,74.62,33633220,78.2,78.31,73.54
3/20/2020,79.09,22004960,82.96,83.81,78.64
3/19/2020,82.25,27121080,83.03,84.26,81.33
3/18/2020,83.97,28931010,82.4,85.3,79.92
3/17/2020,86.85,27899730,83.41,87.55,82.35
3/16/2020,81.72,21474780,82.52,87.05,80.67
3/13/2020,90.66,29162790,88.72,90.9,84.16
3/12/2020,84.78,20650840,86.01,89.73,82.9
3/11/2020,91.62,23217960,93.01,93.67,90.45
3/10/2020,95.26,26473550,94.76,95.4201,90.94
3/9/2020,92.1,21968480,91.39,94.28,90.01
3/6/2020,97.15,17917670,94.99,97.5,94.6
3/5/2020,97.67,17873010,97.85,99.19,96.56
3/4/2020,99.99,26419020,97.38,100.15,97.18
3/3/2020,94.54,33385480,97.19,98.89,93.27
3/2/2020,96.95,22359390,92.64,97.1,92.32
2/28/2020,92.61,27751750,91.35,92.6625,89.98
2/27/2020,93.82,22047900,96.07,97.34,93.8
2/26/2020,97.12,13721650,97.67,98.82,96.91
2/25/2020,97.13,20301850,100.53,100.75,96.79
2/24/2020,100.17,16284580,100.93,101.61,99.69
2/21/2020,103.43,6510864,102.97,103.53,102.61
2/20/2020,103.37,8080943,103.8,103.9,102.43
2/19/2020,104.04,6427863,103.83,104.19,103.73
2/18/2020,103.56,8409262,103.93,104.06,103.22
2/14/2020,103.93,5114244,103.96,104,103.42
2/13/2020,103.85,4778509,103.96,104.28,103.64
2/12/2020,104.34,4705691,104.6,104.84,103.92
2/11/2020,104.21,10277110,103.95,104.3,103.74
2/10/2020,103.59,4010061,102.66,103.59,102.58
2/7/2020,103.04,6057198,103.86,103.95,102.88
2/6/2020,103.85,6166481,104.24,104.24,103.395
2/5/2020,103.76,14131010,102.28,104.12,102.27
2/4/2020,101.8,9575109,101.29,102.21,101.27
2/3/2020,100.04,11851770,99.83,100.76,99.83
1/31/2020,99.14,14476690,100.76,100.84,98.81
1/30/2020,101.16,10989550,101.15,101.22,100.29
1/29/2020,101.9,6436020,102.28,102.64,101.88
1/28/2020,102.18,8079947,101.98,102.58,101.7031
1/27/2020,101.68,11762480,101.22,102.07,101.0809
1/24/2020,102.46,15962810,104.32,104.37,102.2
1/23/2020,104.2,8522609,104.55,104.7,103.48
1/22/2020,104.73,9431510,104.83,105.08,104.59
1/21/2020,104.6,6644775,104.25,104.84,104.21
1/17/2020,104.49,6533427,104.23,104.65,104.23
1/16/2020,104.49,5480266,104.38,104.555,103.97
1/15/2020,103.95,7521760,103.18,104.22,103.1
1/14/2020,103.06,7295065,102.13,103.08,101.95
1/13/2020,102.44,7621781,102.97,102.99,102.085
1/10/2020,102.8,9300436,103.16,103.33,102.62
1/9/2020,102.77,6661046,102.64,103.05,102.42
1/8/2020,102.33,7494732,101.72,102.785,101.68
1/7/2020,101.67,6336491,101.59,101.76,101.1
1/6/2020,101.87,6441759,100.78,101.9,100.75
1/3/2020,101.24,8247451,100.95,101.82,100.45
1/2/2020,102.13,6236522,102.17,102.2899,101.4
12/31/2019,101.86,4746947,101.44,101.95,101.27
12/30/2019,101.66,5665146,102.27,102.49,101.51
12/27/2019,102.94,3605004,103.13,103.1429,102.71
12/26/2019,102.91,2910075,103.11,103.23,102.5807
12/24/2019,102.98,2071790,103.11,103.24,102.73
12/23/2019,103.11,4770887,102.94,103.22,102.68
12/20/2019,102.7,8586532,102.28,102.925,102.28
12/19/2019,102.4,6637192,102.21,102.51,102.045
12/18/2019,102,5202934,101.9,102.2,101.79
12/17/2019,101.86,4643726,102.1,102.25,101.72
12/16/2019,101.97,7730256,101.47,102.34,101.47
12/13/2019,100.88,6433171,100.85,101.47,100.47
12/12/2019,100.95,9769053,100.07,101.28,100.02
12/11/2019,100.02,6064341,100.01,100.27,99.82
12/10/2019,99.93,6027927,99.69,100.02,99.295
12/9/2019,99.71,5328658,100.45,100.47,99.71
12/6/2019,100.41,5658524,100.27,100.75,100.2
12/5/2019,99.75,7390352,99.81,99.9,98.91
12/4/2019,99.75,6237742,99.23,99.88,99.13
12/3/2019,98.83,7820107,98.3,98.9082,98.03
12/2/2019,99.05,6684759,99.69,99.72,98.73
11/29/2019,99.49,2391998,99.58,99.81,99.2922
11/27/2019,99.84,6333327,99.47,99.99,99.375
11/26/2019,99.33,11073600,99.4,99.56,99
11/25/2019,99.41,11727070,98.66,99.43,98.51
11/22/2019,98.26,6141823,98.08,98.395,97.87
11/21/2019,97.91,9122428,97.72,97.98,97.05
11/20/2019,97.66,12305820,97.63,97.97,97.075
11/19/2019,97.79,10025770,97.47,97.93,97.22
11/18/2019,97.13,11251370,97.37,97.925,97.01
11/15/2019,97.46,11338580,95.76,97.63,95.67
11/14/2019,95.43,6498793,95.4,95.57,94.85
11/13/2019,95.42,6575151,95.05,95.65,94.9
11/12/2019,95.31,13801650,94.89,95.65,94.76
11/11/2019,94.74,6092506,94.77,94.97,94.48
11/8/2019,95.13,7756856,94.38,95.15,94.27
11/7/2019,94.44,7827918,94.59,94.74,94.155
11/6/2019,94.23,13130200,94,94.41,93.71
11/5/2019,93.91,13273750,94.72,94.73,93.7
11/4/2019,94.58,9878200,95.31,95.36,94.54
11/1/2019,94.87,14670800,95.26,95.67,94.85
10/31/2019,94.75,9675234,94.68,94.805,94.135
10/30/2019,94.86,10179740,94.36,94.9,93.99
10/29/2019,94.33,13768400,93.23,94.48,93
10/28/2019,93.01,6937897,92.3,93.2,92.22
10/25/2019,92.06,5536898,91.72,92.305,91.48
10/24/2019,91.96,6984395,92.59,92.69,91.63
10/23/2019,92.43,5549276,92.02,92.7,91.83
10/22/2019,91.86,8746301,92.36,92.953,91.82
10/21/2019,91.66,4952132,92.14,92.28,91.475
10/18/2019,91.76,6784975,91.84,92.235,91.35
10/17/2019,92.1,7537106,91.72,92.36,91.68
10/16/2019,91.42,7856921,91.47,91.89,91.27
10/15/2019,91.54,12622400,90.89,91.855,90.83
10/14/2019,89.9,5919186,89.88,90.34,89.7582
10/11/2019,89.94,10825810,90.05,90.995,89.9
10/10/2019,89.2,8236079,88.5,89.51,88.42
10/9/2019,88.76,7355855,88.66,89.02,88.36
10/8/2019,88.12,10688160,89.08,89.12,88.1
10/7/2019,89.83,8343461,89.76,90.42,89.625
10/4/2019,90.13,9313631,89,90.18,88.945
10/3/2019,88.74,12830410,87.83,88.77,87.2
10/2/2019,87.95,13505860,88.97,89.15,87.56
10/1/2019,89.25,13618970,90.37,90.57,89.07
9/30/2019,90.13,8306829,89.45,90.68,89.39
9/27/2019,89.33,10017320,90.03,90.16,89
9/26/2019,89.73,10183820,90.53,90.56,89.04
9/25/2019,90.23,8131900,90.68,90.76,90.1
9/24/2019,90.67,10615770,91.85,91.91,90.35
9/23/2019,91.51,4329101,91.73,92.0588,91.48
9/20/2019,92,9000207,91.7,92.43,91.6901
9/19/2019,91.87,5084444,91.55,92.28,91.38
9/18/2019,91.44,5397831,91.45,91.56,90.79
9/17/2019,91.45,3963154,91.26,91.7,91.13
9/16/2019,91.31,6668085,91.01,91.54,90.9
9/13/2019,91.51,6350964,91.67,92.25,91.32
9/12/2019,91.56,9344700,92,92.38,91.51
9/11/2019,91.59,8124290,90.84,91.62,90.62
9/10/2019,90.69,8770748,89.97,90.7,89.02
9/9/2019,90.43,10675900,91.35,91.38,90.1
9/6/2019,91.27,13166440,91.21,91.5251,91.08
9/5/2019,91.02,7897420,90.9,91.215,90.42
9/4/2019,90.13,9319313,90.66,90.71,89.71
9/3/2019,90.07,6437819,90.07,90.5,89.75
8/30/2019,90.6,4784137,90.91,91.09,90.205
8/29/2019,90.49,4360327,90.49,90.75,89.91
8/28/2019,89.81,5691503,88.85,90,88.72
8/27/2019,89.16,8251963,90.24,90.55,89.1031
8/26/2019,89.69,8915621,89.47,89.76,89.1
8/23/2019,88.76,9822737,90.7,91.04,88.32
8/22/2019,90.86,6486943,91.48,91.69,90.5038
8/21/2019,91.31,5687080,91.27,91.53,91.04
8/20/2019,90.64,4709026,91.45,91.64,90.57
8/19/2019,91.42,6427436,91.26,91.65,91.11
8/16/2019,90.55,10252420,90.06,90.7861,90
8/15/2019,89.45,12320670,89.52,89.79,88.87
8/14/2019,89.14,16426120,90.75,90.97,89.09
8/13/2019,91.69,12260610,90.48,92.17,90.4
8/12/2019,90.51,7097095,91.06,91.4,90.1551
8/9/2019,91.4,7253064,91.13,91.975,90.61
8/8/2019,91.29,12034820,90.37,91.38,90.0445
8/7/2019,90.09,12452460,89.33,90.34,88.2
8/6/2019,90.06,10135860,89.36,90.08,88.87
8/5/2019,88.91,17626230,90.02,90.375,88.19
8/2/2019,91.05,15956790,91.13,91.41,90.4577
8/1/2019,91.26,16422520,91.15,92.235,90.71
7/31/2019,91.14,8557587,91.95,92.33,90.5816
7/30/2019,92.05,7959161,91.74,92.09,91.36
7/29/2019,92.45,5887534,92.12,92.52,91.97
7/26/2019,92.07,3812448,92.06,92.24,91.72
7/25/2019,91.74,6618662,91.94,92.29,91.54
7/24/2019,92.19,5430541,92,92.2,91.17
7/23/2019,92.14,6688591,91.7,92.28,91.32
7/22/2019,91.57,5192693,91.86,91.92,91.49
7/19/2019,91.76,8105933,92.93,92.969,91.68
7/18/2019,92.72,6561567,92.19,92.87,91.74
7/17/2019,92.2,9567035,92.37,92.68,92.19
7/16/2019,92.18,9092557,92.57,92.7,92.115
7/15/2019,92.64,5811267,92.49,92.86,92.18
7/12/2019,92.44,11508180,93.17,93.19,91.795
7/11/2019,93.48,13691690,94.11,94.15,92.85
7/10/2019,93.46,5347279,93.35,93.71,93.07
7/9/2019,93.14,5537339,92.71,93.24,92.7
7/8/2019,93.05,15201990,93.39,93.42,92.62
7/5/2019,93.75,5934272,94,94.23,93.54
7/3/2019,94.4,4066048,93.81,94.42,93.8
7/2/2019,93.6,7952577,93.18,93.6,92.65
7/1/2019,93.1,7833409,93.37,93.41,92.72
6/28/2019,92.64,9390623,92.37,92.715,91.84
6/27/2019,92.33,7416201,92.01,92.51,91.83
6/26/2019,91.69,10498430,92.99,93,91.5
6/25/2019,92.86,14930610,93.31,93.74,92.77
6/24/2019,93.24,6493610,93.61,93.6701,93.065
6/21/2019,93.73,9026071,93.19,93.91,92.66
6/20/2019,93.68,9241301,94.04,94.33,93.14
6/19/2019,93.27,6988099,92.46,93.48,92.4
6/18/2019,92.44,7979937,92.12,92.76,91.94
6/17/2019,91.66,4861481,91.34,91.72,91.21
6/14/2019,91.25,5056271,91.5,91.77,91.175
6/13/2019,91.46,9031760,91.73,91.73,91.1
6/12/2019,91.57,5799156,91.15,91.6,91.06
6/11/2019,91.13,8317911,91.73,91.96,90.903
6/10/2019,91.28,8552839,91.29,91.575,90.95
6/7/2019,91.01,9302690,90.36,91.23,90.33
6/6/2019,90.07,18840940,89.75,90.43,89.535
6/5/2019,89.61,24291850,89.59,89.82,88.9712
